Warehouse,Part_No,Date,Demand,Material_Description
1152,IM300205,2020-10,660.0,
1152,IM300205,2020-11,960.0,
1152,IM300205,2020-12,500.0,
1152,IM300205,2021-01,800.0,
1152,IM300205,2021-02,1000.0,
1152,IM300205,2021-03,1260.0,
1152,IM300205,2021-04,1000.0,
1152,IM300205,2021-05,740.0,
1152,IM300205,2021-06,980.0,
1152,IM300205,2021-07,920.0,
1152,IM300205,2021-08,760.0,
1152,IM300205,2021-09,700.0,
1152,IM300205,2021-10,700.0,
1152,IM300205,2021-11,1220.0,
1152,IM300205,2021-12,1500.0,
1152,IM300205,2022-01,1240.0,
1152,IM300205,2022-02,920.0,
1152,IM300205,2022-03,960.0,
1152,IM300205,2022-04,1280.0,
1152,IM300205,2022-05,1020.0,
1152,IM300205,2022-06,960.0,
1152,IM300205,2022-07,680.0,
1152,IM300205,2022-08,780.0,
1152,IM300205,2022-09,660.0,
1152,IM300205,2022-10,660.0,
1152,IM300205,2022-11,940.0,
1152,IM300205,2022-12,740.0,
1152,IM300205,2023-01,900.0,
1152,IM300205,2023-02,1240.0,
1152,IM300205,2023-03,1220.0,
1152,IM300205,2023-04,1840.0,
1152,IM300205,2023-05,1240.0,
1152,IM300205,2023-06,1060.0,
1152,IM300205,2023-07,840.0,
1152,IM300205,2023-08,1260.0,
1152,IM300205,2023-09,1280.0,
1152,IM300205,2023-10,1420.0,
1152,IM300205,2023-11,1280.0,
1152,IM300205,2023-12,1700.0,
1152,IM300205,2024-01,1420.0,
1152,IM300205,2024-02,1640.0,
1152,IM300205,2024-03,1780.0,
1152,IM300205,2024-04,2000.0,
1152,IM300205,2024-05,1680.0,
1152,IM300205,2024-06,1620.0,
1152,IM300205,2024-07,1860.0,
1152,IM300205,2024-08,980.0,
1152,IM300205,2024-09,3268.0,
1152,IM300205,2024-10,1440.0,
1152,IM300205,2024-11,1520.0,
1152,IM300205,2024-12,7100.0,
1152,IM300205,2025-01,1940.0,
1152,IM300205,2025-02,2140.0,
1152,IM300205,2025-03,2740.0,
1152,IM300205,2025-04,2260.0,
1152,IM300205,2025-05,2200.0,
1152,IM300205,2025-06,2120.0,
1152,IM300205,2025-07,2540.0,
1152,IM300205,2025-08,2260.0,
1152,IM300205,2025-09,2200.0,
1152,IM300205,2025-10,2500.0,
1152,IM300205,2025-11,2520.0,
1152,IM300205,2025-12,3080.0,
1152,IM300205,2026-01,2880.0,
1152,IM300205,2026-02,2960.0,
1152,IM300205,2026-03,3760.0,
1152,IM300205,2026-04,3180.0,
1153,IA203036,2020-10,1680.0,"GASKET,REAR AXLE SHAFT (LCV)"
1153,IA203086,2020-10,800.0,GASKET REAR AXLE SHAFT (HCV)
1153,IA208182,2020-10,1808.0,"CAP, FUEL TANK (HCV)"
1153,IA215142,2020-10,3384.0,"OIL SEAL,HUB REAR OUTER WHEEL"
1153,IA215577,2020-10,4586.0,"OIL SEAL,HUB REAR OUTER WHEEL (MCV)"
1153,IA215578,2020-10,2076.0,OIL SEAL HUB REAR OUTER (HCV)
1153,IA230267,2020-10,2242.0,HUB BOLT KIT REAR 10.90
1153,IA301086,2020-10,1276.0,WHEEL NUT ASSY (HCV/MAV)(SIZE- A/F - 32)
1153,IA329978,2020-10,840.0,PLASTIC CLIP.
1153,IB002922,2020-10,2436.0,ELEMENT KIT OIL FILTER
1153,IB999501,2020-10,2134.0,GEAR BOX BUSHING KIT
1153,IB999850,2020-10,4349.0,FILTER SET E483
1153,ID201024,2020-10,2705.0,BY PASS FILTER
1153,ID202167,2020-10,1292.0,CAP RADIATOR (TC)
1153,ID205077,2020-10,1138.0,CABLE ACCELERATOR (1090 K CNG)
1153,ID301958,2020-10,2884.0,FUEL STRAINER (MAV COWL)
1153,ID309786,2020-10,1048.0,VALVE STEM SEAL
1153,ID334315,2020-10,221.0,MAIN FILTER KIT
1153,IF000504,2020-10,1796.0,"OIL SEAL, FR HUB WHEEL"
1153,IM300205,2020-10,3140.0,EICHER PREMIUM COOLANT
1153,MB293356,2020-10,2530.0,HEX BOLT 12 X1.25 X 30  (10
1153,MB344408,2020-10,6760.0,CLIP TRIM
1153,MB394519,2020-10,1720.0,KNOB INSIDE LOCK
1153,MB486038,2020-10,2790.0,BALL JOINT G/SHF CONT.LINK
1153,ME013536,2020-10,2148.0,GASKET EXHAUST MANIFOLD
1153,ME020244,2020-10,1232.0,CAP VALVE GEAR TRAIN
1153,ME074696,2020-10,2712.0,"SEAL, VALVE STEM"
1153,ME603242,2020-10,1667.0,"ME603242, RING SYNCHRONIZER"
1153,MF140225,2020-10,1180.0,BOLT M8x1.25x20
1153,MF434103,2020-10,1700.0,FLANGE NUT M-6
1153,MF434104,2020-10,1860.0,NUT FL. M8X1.25
1153,MF434105,2020-10,1820.0,NUT FL. M10x1.25
1153,MF445086,2020-10,7580.0,NUT SELF LOCKING 12
1153,MF472103,2020-10,2620.0,SPLIT PIN (5X45)
1153,MF472127,2020-10,1460.0,SPLIT PIN
1153,MH001715,2020-10,1790.0,"MH001715, BOLT"
1153,MS602013,2020-10,1370.0,HOSE FUEL 6X110
1153,MS660163,2020-10,480.0,HOSE CLIP (11.6)
1153,MS660164,2020-10,820.0,HOSE CLIP (13.1)
1153,ID376839,2020-10,30.0,SERVICE KIT OIL FILTER & O RING
1153,ID329244,2020-10,0.0,VALVE STEM SEAL
1153,IA203036,2020-11,1210.0,"GASKET,REAR AXLE SHAFT (LCV)"
1153,IA203086,2020-11,1110.0,GASKET REAR AXLE SHAFT (HCV)
1153,IA208182,2020-11,1013.0,"CAP, FUEL TANK (HCV)"
1153,IA215142,2020-11,2718.0,"OIL SEAL,HUB REAR OUTER WHEEL"
1153,IA215577,2020-11,3442.0,"OIL SEAL,HUB REAR OUTER WHEEL (MCV)"
1153,IA215578,2020-11,1568.0,OIL SEAL HUB REAR OUTER (HCV)
1153,IA230267,2020-11,2801.0,HUB BOLT KIT REAR 10.90
1153,IA301086,2020-11,1062.0,WHEEL NUT ASSY (HCV/MAV)(SIZE- A/F - 32)
1153,IA329978,2020-11,602.0,PLASTIC CLIP.
1153,IB002922,2020-11,1843.0,ELEMENT KIT OIL FILTER
1153,IB999501,2020-11,1965.0,GEAR BOX BUSHING KIT
1153,IB999850,2020-11,3743.0,FILTER SET E483
1153,ID201024,2020-11,2633.0,BY PASS FILTER
1153,ID202167,2020-11,770.0,CAP RADIATOR (TC)
1153,ID205077,2020-11,1236.0,CABLE ACCELERATOR (1090 K CNG)
1153,ID301958,2020-11,2385.0,FUEL STRAINER (MAV COWL)
1153,ID309786,2020-11,864.0,VALVE STEM SEAL
1153,ID334315,2020-11,195.0,MAIN FILTER KIT
1153,IF000504,2020-11,1891.0,"OIL SEAL, FR HUB WHEEL"
1153,IM300205,2020-11,3480.0,EICHER PREMIUM COOLANT
1153,MB293356,2020-11,2090.0,HEX BOLT 12 X1.25 X 30  (10
1153,MB344408,2020-11,6580.0,CLIP TRIM
1153,MB394519,2020-11,1302.0,KNOB INSIDE LOCK
1153,MB486038,2020-11,2860.0,BALL JOINT G/SHF CONT.LINK
1153,ME013536,2020-11,1900.0,GASKET EXHAUST MANIFOLD
1153,ME020244,2020-11,960.0,CAP VALVE GEAR TRAIN
1153,ME074696,2020-11,2184.0,"SEAL, VALVE STEM"
1153,ME603242,2020-11,1380.0,"ME603242, RING SYNCHRONIZER"
1153,MF140225,2020-11,1600.0,BOLT M8x1.25x20
1153,MF434103,2020-11,1360.0,FLANGE NUT M-6
1153,MF434104,2020-11,1560.0,NUT FL. M8X1.25
1153,MF434105,2020-11,1600.0,NUT FL. M10x1.25
1153,MF445086,2020-11,6560.0,NUT SELF LOCKING 12
1153,MF472103,2020-11,2060.0,SPLIT PIN (5X45)
1153,MF472127,2020-11,1680.0,SPLIT PIN
1153,MH001715,2020-11,1310.0,"MH001715, BOLT"
1153,MS602013,2020-11,620.0,HOSE FUEL 6X110
1153,MS660163,2020-11,720.0,HOSE CLIP (11.6)
1153,MS660164,2020-11,980.0,HOSE CLIP (13.1)
1153,ID376839,2020-11,44.0,SERVICE KIT OIL FILTER & O RING
1153,ID329244,2020-11,0.0,VALVE STEM SEAL
1153,IA203036,2020-12,1720.0,"GASKET,REAR AXLE SHAFT (LCV)"
1153,IA203086,2020-12,760.0,GASKET REAR AXLE SHAFT (HCV)
1153,IA208182,2020-12,1931.0,"CAP, FUEL TANK (HCV)"
1153,IA215142,2020-12,3825.0,"OIL SEAL,HUB REAR OUTER WHEEL"
1153,IA215577,2020-12,4775.0,"OIL SEAL,HUB REAR OUTER WHEEL (MCV)"
1153,IA215578,2020-12,2432.0,OIL SEAL HUB REAR OUTER (HCV)
1153,IA230267,2020-12,4077.0,HUB BOLT KIT REAR 10.90
1153,IA301086,2020-12,1761.0,WHEEL NUT ASSY (HCV/MAV)(SIZE- A/F - 32)
1153,IA329978,2020-12,770.0,PLASTIC CLIP.
1153,IB002922,2020-12,3032.0,ELEMENT KIT OIL FILTER
1153,IB999501,2020-12,2477.0,GEAR BOX BUSHING KIT
1153,IB999850,2020-12,5115.0,FILTER SET E483
1153,ID201024,2020-12,4030.0,BY PASS FILTER
1153,ID202167,2020-12,1439.0,CAP RADIATOR (TC)
1153,ID205077,2020-12,1862.0,CABLE ACCELERATOR (1090 K CNG)
1153,ID301958,2020-12,2976.0,FUEL STRAINER (MAV COWL)
1153,ID309786,2020-12,1672.0,VALVE STEM SEAL
1153,ID334315,2020-12,417.0,MAIN FILTER KIT
1153,IF000504,2020-12,2248.0,"OIL SEAL, FR HUB WHEEL"
1153,IM300205,2020-12,3880.0,EICHER PREMIUM COOLANT
1153,MB293356,2020-12,2350.0,HEX BOLT 12 X1.25 X 30  (10
1153,MB344408,2020-12,5740.0,CLIP TRIM
1153,MB394519,2020-12,2120.0,KNOB INSIDE LOCK
1153,MB486038,2020-12,3160.0,BALL JOINT G/SHF CONT.LINK
1153,ME013536,2020-12,2660.0,GASKET EXHAUST MANIFOLD
1153,ME020244,2020-12,1320.0,CAP VALVE GEAR TRAIN
1153,ME074696,2020-12,4464.0,"SEAL, VALVE STEM"
1153,ME603242,2020-12,1803.0,"ME603242, RING SYNCHRONIZER"
1153,MF140225,2020-12,1760.0,BOLT M8x1.25x20
1153,MF434103,2020-12,1800.0,FLANGE NUT M-6
1153,MF434104,2020-12,2280.0,NUT FL. M8X1.25
1153,MF434105,2020-12,2060.0,NUT FL. M10x1.25
1153,MF445086,2020-12,9520.0,NUT SELF LOCKING 12
1153,MF472103,2020-12,2000.0,SPLIT PIN (5X45)
1153,MF472127,2020-12,1540.0,SPLIT PIN
1153,MH001715,2020-12,2840.0,"MH001715, BOLT"
1153,MS602013,2020-12,600.0,HOSE FUEL 6X110
1153,MS660163,2020-12,1100.0,HOSE CLIP (11.6)
1153,MS660164,2020-12,1520.0,HOSE CLIP (13.1)
1153,ID376839,2020-12,31.0,SERVICE KIT OIL FILTER & O RING
1153,ID329244,2020-12,0.0,VALVE STEM SEAL
1153,IA203036,2021-01,1070.0,"GASKET,REAR AXLE SHAFT (LCV)"
1153,IA203086,2021-01,480.0,GASKET REAR AXLE SHAFT (HCV)
1153,IA208182,2021-01,1080.0,"CAP, FUEL TANK (HCV)"
1153,IA215142,2021-01,1607.0,"OIL SEAL,HUB REAR OUTER WHEEL"
1153,IA215577,2021-01,3380.0,"OIL SEAL,HUB REAR OUTER WHEEL (MCV)"
1153,IA215578,2021-01,1363.0,OIL SEAL HUB REAR OUTER (HCV)
1153,IA230267,2021-01,870.0,HUB BOLT KIT REAR 10.90
1153,IA301086,2021-01,1527.0,WHEEL NUT ASSY (HCV/MAV)(SIZE- A/F - 32)
1153,IA329978,2021-01,1386.0,PLASTIC CLIP.
1153,IB002922,2021-01,2487.0,ELEMENT KIT OIL FILTER
1153,IB999501,2021-01,1584.0,GEAR BOX BUSHING KIT
1153,IB999850,2021-01,3494.0,FILTER SET E483
1153,ID201024,2021-01,3118.0,BY PASS FILTER
1153,ID202167,2021-01,1245.0,CAP RADIATOR (TC)
1153,ID205077,2021-01,1188.0,CABLE ACCELERATOR (1090 K CNG)
1153,ID301958,2021-01,2892.0,FUEL STRAINER (MAV COWL)
1153,ID309786,2021-01,2088.0,VALVE STEM SEAL
1153,ID334315,2021-01,421.0,MAIN FILTER KIT
1153,IF000504,2021-01,966.0,"OIL SEAL, FR HUB WHEEL"
1153,IM300205,2021-01,4260.0,EICHER PREMIUM COOLANT
1153,MB293356,2021-01,690.0,HEX BOLT 12 X1.25 X 30  (10
1153,MB344408,2021-01,8340.0,CLIP TRIM
1153,MB394519,2021-01,1560.0,KNOB INSIDE LOCK
1153,MB486038,2021-01,2030.0,BALL JOINT G/SHF CONT.LINK
1153,ME013536,2021-01,1556.0,GASKET EXHAUST MANIFOLD
1153,ME020244,2021-01,1344.0,CAP VALVE GEAR TRAIN
1153,ME074696,2021-01,3024.0,"SEAL, VALVE STEM"
1153,ME603242,2021-01,1546.0,"ME603242, RING SYNCHRONIZER"
1153,MF140225,2021-01,1320.0,BOLT M8x1.25x20
1153,MF434103,2021-01,1140.0,FLANGE NUT M-6
1153,MF434104,2021-01,2320.0,NUT FL. M8X1.25
1153,MF434105,2021-01,2720.0,NUT FL. M10x1.25
1153,MF445086,2021-01,7820.0,NUT SELF LOCKING 12
1153,MF472103,2021-01,3140.0,SPLIT PIN (5X45)
1153,MF472127,2021-01,2800.0,SPLIT PIN
1153,MH001715,2021-01,1060.0,"MH001715, BOLT"
1153,MS602013,2021-01,890.0,HOSE FUEL 6X110
1153,MS660163,2021-01,1180.0,HOSE CLIP (11.6)
1153,MS660164,2021-01,960.0,HOSE CLIP (13.1)
1153,ID376839,2021-01,74.0,SERVICE KIT OIL FILTER & O RING
1153,ID329244,2021-01,0.0,VALVE STEM SEAL
1153,IA203036,2021-02,1940.0,"GASKET,REAR AXLE SHAFT (LCV)"
1153,IA203086,2021-02,860.0,GASKET REAR AXLE SHAFT (HCV)
1153,IA208182,2021-02,1943.0,"CAP, FUEL TANK (HCV)"
1153,IA215142,2021-02,4570.0,"OIL SEAL,HUB REAR OUTER WHEEL"
1153,IA215577,2021-02,2261.0,"OIL SEAL,HUB REAR OUTER WHEEL (MCV)"
1153,IA215578,2021-02,2457.0,OIL SEAL HUB REAR OUTER (HCV)
1153,IA230267,2021-02,3740.0,HUB BOLT KIT REAR 10.90
1153,IA301086,2021-02,1654.0,WHEEL NUT ASSY (HCV/MAV)(SIZE- A/F - 32)
1153,IA329978,2021-02,1064.0,PLASTIC CLIP.
1153,IB002922,2021-02,2760.0,ELEMENT KIT OIL FILTER
1153,IB999501,2021-02,2340.0,GEAR BOX BUSHING KIT
1153,IB999850,2021-02,6583.0,FILTER SET E483
1153,ID201024,2021-02,3409.0,BY PASS FILTER
1153,ID202167,2021-02,1514.0,CAP RADIATOR (TC)
1153,ID205077,2021-02,1472.0,CABLE ACCELERATOR (1090 K CNG)
1153,ID301958,2021-02,3336.0,FUEL STRAINER (MAV COWL)
1153,ID309786,2021-02,1632.0,VALVE STEM SEAL
1153,ID334315,2021-02,543.0,MAIN FILTER KIT
1153,IF000504,2021-02,2701.0,"OIL SEAL, FR HUB WHEEL"
1153,IM300205,2021-02,5700.0,EICHER PREMIUM COOLANT
1153,MB293356,2021-02,3140.0,HEX BOLT 12 X1.25 X 30  (10
1153,MB344408,2021-02,7960.0,CLIP TRIM
1153,MB394519,2021-02,1320.0,KNOB INSIDE LOCK
1153,MB486038,2021-02,4230.0,BALL JOINT G/SHF CONT.LINK
1153,ME013536,2021-02,2212.0,GASKET EXHAUST MANIFOLD
1153,ME020244,2021-02,1608.0,CAP VALVE GEAR TRAIN
1153,ME074696,2021-02,4056.0,"SEAL, VALVE STEM"
1153,ME603242,2021-02,1591.0,"ME603242, RING SYNCHRONIZER"
1153,MF140225,2021-02,1680.0,BOLT M8x1.25x20
1153,MF434103,2021-02,1360.0,FLANGE NUT M-6
1153,MF434104,2021-02,1880.0,NUT FL. M8X1.25
1153,MF434105,2021-02,1800.0,NUT FL. M10x1.25
1153,MF445086,2021-02,8060.0,NUT SELF LOCKING 12
1153,MF472103,2021-02,2540.0,SPLIT PIN (5X45)
1153,MF472127,2021-02,2020.0,SPLIT PIN
1153,MH001715,2021-02,2000.0,"MH001715, BOLT"
1153,MS602013,2021-02,2620.0,HOSE FUEL 6X110
1153,MS660163,2021-02,1200.0,HOSE CLIP (11.6)
1153,MS660164,2021-02,1860.0,HOSE CLIP (13.1)
1153,ID376839,2021-02,122.0,SERVICE KIT OIL FILTER & O RING
1153,ID329244,2021-02,16.0,VALVE STEM SEAL
1153,IA203036,2021-03,2040.0,"GASKET,REAR AXLE SHAFT (LCV)"
1153,IA203086,2021-03,1480.0,GASKET REAR AXLE SHAFT (HCV)
1153,IA208182,2021-03,1871.0,"CAP, FUEL TANK (HCV)"
1153,IA215142,2021-03,3841.0,"OIL SEAL,HUB REAR OUTER WHEEL"
1153,IA215577,2021-03,8308.0,"OIL SEAL,HUB REAR OUTER WHEEL (MCV)"
1153,IA215578,2021-03,2723.0,OIL SEAL HUB REAR OUTER (HCV)
1153,IA230267,2021-03,2261.0,HUB BOLT KIT REAR 10.90
1153,IA301086,2021-03,1857.0,WHEEL NUT ASSY (HCV/MAV)(SIZE- A/F - 32)
1153,IA329978,2021-03,1456.0,PLASTIC CLIP.
1153,IB002922,2021-03,3167.0,ELEMENT KIT OIL FILTER
1153,IB999501,2021-03,2085.0,GEAR BOX BUSHING KIT
1153,IB999850,2021-03,7356.0,FILTER SET E483
1153,ID201024,2021-03,4186.0,BY PASS FILTER
1153,ID202167,2021-03,1569.0,CAP RADIATOR (TC)
1153,ID205077,2021-03,1545.0,CABLE ACCELERATOR (1090 K CNG)
1153,ID301958,2021-03,4600.0,FUEL STRAINER (MAV COWL)
1153,ID309786,2021-03,1744.0,VALVE STEM SEAL
1153,ID334315,2021-03,961.0,MAIN FILTER KIT
1153,IF000504,2021-03,3031.0,"OIL SEAL, FR HUB WHEEL"
1153,IM300205,2021-03,9840.0,EICHER PREMIUM COOLANT
1153,MB293356,2021-03,5090.0,HEX BOLT 12 X1.25 X 30  (10
1153,MB344408,2021-03,10140.0,CLIP TRIM
1153,MB394519,2021-03,2120.0,KNOB INSIDE LOCK
1153,MB486038,2021-03,2870.0,BALL JOINT G/SHF CONT.LINK
1153,ME013536,2021-03,1832.0,GASKET EXHAUST MANIFOLD
1153,ME020244,2021-03,1896.0,CAP VALVE GEAR TRAIN
1153,ME074696,2021-03,7128.0,"SEAL, VALVE STEM"
1153,ME603242,2021-03,2107.0,"ME603242, RING SYNCHRONIZER"
1153,MF140225,2021-03,2340.0,BOLT M8x1.25x20
1153,MF434103,2021-03,1540.0,FLANGE NUT M-6
1153,MF434104,2021-03,3360.0,NUT FL. M8X1.25
1153,MF434105,2021-03,4180.0,NUT FL. M10x1.25
1153,MF445086,2021-03,7260.0,NUT SELF LOCKING 12
1153,MF472103,2021-03,3160.0,SPLIT PIN (5X45)
1153,MF472127,2021-03,2820.0,SPLIT PIN
1153,MH001715,2021-03,1540.0,"MH001715, BOLT"
1153,MS602013,2021-03,950.0,HOSE FUEL 6X110
1153,MS660163,2021-03,1020.0,HOSE CLIP (11.6)
1153,MS660164,2021-03,2520.0,HOSE CLIP (13.1)
1153,ID376839,2021-03,152.0,SERVICE KIT OIL FILTER & O RING
1153,ID329244,2021-03,50.0,VALVE STEM SEAL
1153,IA203036,2021-04,840.0,"GASKET,REAR AXLE SHAFT (LCV)"
1153,IA203086,2021-04,830.0,GASKET REAR AXLE SHAFT (HCV)
1153,IA208182,2021-04,919.0,"CAP, FUEL TANK (HCV)"
1153,IA215142,2021-04,1716.0,"OIL SEAL,HUB REAR OUTER WHEEL"
1153,IA215577,2021-04,3318.0,"OIL SEAL,HUB REAR OUTER WHEEL (MCV)"
1153,IA215578,2021-04,1429.0,OIL SEAL HUB REAR OUTER (HCV)
1153,IA230267,2021-04,1572.0,HUB BOLT KIT REAR 10.90
1153,IA301086,2021-04,1605.0,WHEEL NUT ASSY (HCV/MAV)(SIZE- A/F - 32)
1153,IA329978,2021-04,994.0,PLASTIC CLIP.
1153,IB002922,2021-04,1647.0,ELEMENT KIT OIL FILTER
1153,IB999501,2021-04,1061.0,GEAR BOX BUSHING KIT
1153,IB999850,2021-04,2701.0,FILTER SET E483
1153,ID201024,2021-04,1707.0,BY PASS FILTER
1153,ID202167,2021-04,1308.0,CAP RADIATOR (TC)
1153,ID205077,2021-04,614.0,CABLE ACCELERATOR (1090 K CNG)
1153,ID301958,2021-04,2605.0,FUEL STRAINER (MAV COWL)
1153,ID309786,2021-04,1376.0,VALVE STEM SEAL
1153,ID334315,2021-04,172.0,MAIN FILTER KIT
1153,IF000504,2021-04,1633.0,"OIL SEAL, FR HUB WHEEL"
1153,IM300205,2021-04,7480.0,EICHER PREMIUM COOLANT
1153,MB293356,2021-04,1840.0,HEX BOLT 12 X1.25 X 30  (10
1153,MB344408,2021-04,5340.0,CLIP TRIM
1153,MB394519,2021-04,820.0,KNOB INSIDE LOCK
1153,MB486038,2021-04,1670.0,BALL JOINT G/SHF CONT.LINK
1153,ME013536,2021-04,1980.0,GASKET EXHAUST MANIFOLD
1153,ME020244,2021-04,1168.0,CAP VALVE GEAR TRAIN
1153,ME074696,2021-04,2472.0,"SEAL, VALVE STEM"
1153,ME603242,2021-04,961.0,"ME603242, RING SYNCHRONIZER"
1153,MF140225,2021-04,1560.0,BOLT M8x1.25x20
1153,MF434103,2021-04,1160.0,FLANGE NUT M-6
1153,MF434104,2021-04,2020.0,NUT FL. M8X1.25
1153,MF434105,2021-04,1700.0,NUT FL. M10x1.25
1153,MF445086,2021-04,6240.0,NUT SELF LOCKING 12
1153,MF472103,2021-04,1440.0,SPLIT PIN (5X45)
1153,MF472127,2021-04,1120.0,SPLIT PIN
1153,MH001715,2021-04,1080.0,"MH001715, BOLT"
1153,MS602013,2021-04,0.0,HOSE FUEL 6X110
1153,MS660163,2021-04,580.0,HOSE CLIP (11.6)
1153,MS660164,2021-04,740.0,HOSE CLIP (13.1)
1153,ID376839,2021-04,221.0,SERVICE KIT OIL FILTER & O RING
1153,ID329244,2021-04,32.0,VALVE STEM SEAL
1153,IA203036,2021-05,160.0,"GASKET,REAR AXLE SHAFT (LCV)"
1153,IA203086,2021-05,120.0,GASKET REAR AXLE SHAFT (HCV)
1153,IA208182,2021-05,85.0,"CAP, FUEL TANK (HCV)"
1153,IA215142,2021-05,140.0,"OIL SEAL,HUB REAR OUTER WHEEL"
1153,IA215577,2021-05,420.0,"OIL SEAL,HUB REAR OUTER WHEEL (MCV)"
1153,IA215578,2021-05,333.0,OIL SEAL HUB REAR OUTER (HCV)
1153,IA230267,2021-05,821.0,HUB BOLT KIT REAR 10.90
1153,IA301086,2021-05,336.0,WHEEL NUT ASSY (HCV/MAV)(SIZE- A/F - 32)
1153,IA329978,2021-05,266.0,PLASTIC CLIP.
1153,IB002922,2021-05,339.0,ELEMENT KIT OIL FILTER
1153,IB999501,2021-05,149.0,GEAR BOX BUSHING KIT
1153,IB999850,2021-05,248.0,FILTER SET E483
1153,ID201024,2021-05,411.0,BY PASS FILTER
1153,ID202167,2021-05,212.0,CAP RADIATOR (TC)
1153,ID205077,2021-05,92.0,CABLE ACCELERATOR (1090 K CNG)
1153,ID301958,2021-05,580.0,FUEL STRAINER (MAV COWL)
1153,ID309786,2021-05,840.0,VALVE STEM SEAL
1153,ID334315,2021-05,146.0,MAIN FILTER KIT
1153,IF000504,2021-05,176.0,"OIL SEAL, FR HUB WHEEL"
1153,IM300205,2021-05,1240.0,EICHER PREMIUM COOLANT
1153,MB293356,2021-05,1800.0,HEX BOLT 12 X1.25 X 30  (10
1153,MB344408,2021-05,340.0,CLIP TRIM
1153,MB394519,2021-05,80.0,KNOB INSIDE LOCK
1153,MB486038,2021-05,270.0,BALL JOINT G/SHF CONT.LINK
1153,ME013536,2021-05,552.0,GASKET EXHAUST MANIFOLD
1153,ME020244,2021-05,168.0,CAP VALVE GEAR TRAIN
1153,ME074696,2021-05,376.0,"SEAL, VALVE STEM"
1153,ME603242,2021-05,147.0,"ME603242, RING SYNCHRONIZER"
1153,MF140225,2021-05,380.0,BOLT M8x1.25x20
1153,MF434103,2021-05,420.0,FLANGE NUT M-6
1153,MF434104,2021-05,520.0,NUT FL. M8X1.25
1153,MF434105,2021-05,580.0,NUT FL. M10x1.25
1153,MF445086,2021-05,540.0,NUT SELF LOCKING 12
1153,MF472103,2021-05,440.0,SPLIT PIN (5X45)
1153,MF472127,2021-05,240.0,SPLIT PIN
1153,MH001715,2021-05,150.0,"MH001715, BOLT"
1153,MS602013,2021-05,0.0,HOSE FUEL 6X110
1153,MS660163,2021-05,60.0,HOSE CLIP (11.6)
1153,MS660164,2021-05,220.0,HOSE CLIP (13.1)
1153,ID376839,2021-05,77.0,SERVICE KIT OIL FILTER & O RING
1153,ID329244,2021-05,16.0,VALVE STEM SEAL
1153,IA203036,2021-06,640.0,"GASKET,REAR AXLE SHAFT (LCV)"
1153,IA203086,2021-06,320.0,GASKET REAR AXLE SHAFT (HCV)
1153,IA208182,2021-06,636.0,"CAP, FUEL TANK (HCV)"
1153,IA215142,2021-06,973.0,"OIL SEAL,HUB REAR OUTER WHEEL"
1153,IA215577,2021-06,2841.0,"OIL SEAL,HUB REAR OUTER WHEEL (MCV)"
1153,IA215578,2021-06,1208.0,OIL SEAL HUB REAR OUTER (HCV)
1153,IA230267,2021-06,3228.0,HUB BOLT KIT REAR 10.90
1153,IA301086,2021-06,1140.0,WHEEL NUT ASSY (HCV/MAV)(SIZE- A/F - 32)
1153,IA329978,2021-06,826.0,PLASTIC CLIP.
1153,IB002922,2021-06,1706.0,ELEMENT KIT OIL FILTER
1153,IB999501,2021-06,943.0,GEAR BOX BUSHING KIT
1153,IB999850,2021-06,3732.0,FILTER SET E483
1153,ID201024,2021-06,2148.0,BY PASS FILTER
1153,ID202167,2021-06,863.0,CAP RADIATOR (TC)
1153,ID205077,2021-06,894.0,CABLE ACCELERATOR (1090 K CNG)
1153,ID301958,2021-06,1793.0,FUEL STRAINER (MAV COWL)
1153,ID309786,2021-06,704.0,VALVE STEM SEAL
1153,ID334315,2021-06,175.0,MAIN FILTER KIT
1153,IF000504,2021-06,888.0,"OIL SEAL, FR HUB WHEEL"
1153,IM300205,2021-06,3380.0,EICHER PREMIUM COOLANT
1153,MB293356,2021-06,1520.0,HEX BOLT 12 X1.25 X 30  (10
1153,MB344408,2021-06,2380.0,CLIP TRIM
1153,MB394519,2021-06,540.0,KNOB INSIDE LOCK
1153,MB486038,2021-06,1780.0,BALL JOINT G/SHF CONT.LINK
1153,ME013536,2021-06,1524.0,GASKET EXHAUST MANIFOLD
1153,ME020244,2021-06,728.0,CAP VALVE GEAR TRAIN
1153,ME074696,2021-06,1688.0,"SEAL, VALVE STEM"
1153,ME603242,2021-06,1414.0,"ME603242, RING SYNCHRONIZER"
1153,MF140225,2021-06,1280.0,BOLT M8x1.25x20
1153,MF434103,2021-06,820.0,FLANGE NUT M-6
1153,MF434104,2021-06,1660.0,NUT FL. M8X1.25
1153,MF434105,2021-06,980.0,NUT FL. M10x1.25
1153,MF445086,2021-06,1460.0,NUT SELF LOCKING 12
1153,MF472103,2021-06,1160.0,SPLIT PIN (5X45)
1153,MF472127,2021-06,1380.0,SPLIT PIN
1153,MH001715,2021-06,1040.0,"MH001715, BOLT"
1153,MS602013,2021-06,680.0,HOSE FUEL 6X110
1153,MS660163,2021-06,460.0,HOSE CLIP (11.6)
1153,MS660164,2021-06,1180.0,HOSE CLIP (13.1)
1153,ID376839,2021-06,347.0,SERVICE KIT OIL FILTER & O RING
1153,ID329244,2021-06,56.0,VALVE STEM SEAL
1153,IA203036,2021-07,1090.0,"GASKET,REAR AXLE SHAFT (LCV)"
1153,IA203086,2021-07,500.0,GASKET REAR AXLE SHAFT (HCV)
1153,IA208182,2021-07,985.0,"CAP, FUEL TANK (HCV)"
1153,IA215142,2021-07,2011.0,"OIL SEAL,HUB REAR OUTER WHEEL"
1153,IA215577,2021-07,3194.0,"OIL SEAL,HUB REAR OUTER WHEEL (MCV)"
1153,IA215578,2021-07,1199.0,OIL SEAL HUB REAR OUTER (HCV)
1153,IA230267,2021-07,1208.0,HUB BOLT KIT REAR 10.90
1153,IA301086,2021-07,1200.0,WHEEL NUT ASSY (HCV/MAV)(SIZE- A/F - 32)
1153,IA329978,2021-07,1638.0,PLASTIC CLIP.
1153,IB002922,2021-07,2233.0,ELEMENT KIT OIL FILTER
1153,IB999501,2021-07,1755.0,GEAR BOX BUSHING KIT
1153,IB999850,2021-07,4355.0,FILTER SET E483
1153,ID201024,2021-07,2692.0,BY PASS FILTER
1153,ID202167,2021-07,1255.0,CAP RADIATOR (TC)
1153,ID205077,2021-07,1283.0,CABLE ACCELERATOR (1090 K CNG)
1153,ID301958,2021-07,2802.0,FUEL STRAINER (MAV COWL)
1153,ID309786,2021-07,1776.0,VALVE STEM SEAL
1153,ID334315,2021-07,373.0,MAIN FILTER KIT
1153,IF000504,2021-07,1290.0,"OIL SEAL, FR HUB WHEEL"
1153,IM300205,2021-07,3720.0,EICHER PREMIUM COOLANT
1153,MB293356,2021-07,1970.0,HEX BOLT 12 X1.25 X 30  (10
1153,MB344408,2021-07,6540.0,CLIP TRIM
1153,MB394519,2021-07,1640.0,KNOB INSIDE LOCK
1153,MB486038,2021-07,2200.0,BALL JOINT G/SHF CONT.LINK
1153,ME013536,2021-07,2468.0,GASKET EXHAUST MANIFOLD
1153,ME020244,2021-07,1224.0,CAP VALVE GEAR TRAIN
1153,ME074696,2021-07,2872.0,"SEAL, VALVE STEM"
1153,ME603242,2021-07,1296.0,"ME603242, RING SYNCHRONIZER"
1153,MF140225,2021-07,1460.0,BOLT M8x1.25x20
1153,MF434103,2021-07,1740.0,FLANGE NUT M-6
1153,MF434104,2021-07,1720.0,NUT FL. M8X1.25
1153,MF434105,2021-07,1760.0,NUT FL. M10x1.25
1153,MF445086,2021-07,7780.0,NUT SELF LOCKING 12
1153,MF472103,2021-07,1740.0,SPLIT PIN (5X45)
1153,MF472127,2021-07,1560.0,SPLIT PIN
1153,MH001715,2021-07,1660.0,"MH001715, BOLT"
1153,MS602013,2021-07,1920.0,HOSE FUEL 6X110
1153,MS660163,2021-07,900.0,HOSE CLIP (11.6)
1153,MS660164,2021-07,1140.0,HOSE CLIP (13.1)
1153,ID376839,2021-07,470.0,SERVICE KIT OIL FILTER & O RING
1153,ID329244,2021-07,130.0,VALVE STEM SEAL
1153,IA203036,2021-08,1100.0,"GASKET,REAR AXLE SHAFT (LCV)"
1153,IA203086,2021-08,1200.0,GASKET REAR AXLE SHAFT (HCV)
1153,IA208182,2021-08,561.0,"CAP, FUEL TANK (HCV)"
1153,IA215142,2021-08,1939.0,"OIL SEAL,HUB REAR OUTER WHEEL"
1153,IA215577,2021-08,3001.0,"OIL SEAL,HUB REAR OUTER WHEEL (MCV)"
1153,IA215578,2021-08,1336.0,OIL SEAL HUB REAR OUTER (HCV)
1153,IA230267,2021-08,2562.0,HUB BOLT KIT REAR 10.90
1153,IA301086,2021-08,1055.0,WHEEL NUT ASSY (HCV/MAV)(SIZE- A/F - 32)
1153,IA329978,2021-08,602.0,PLASTIC CLIP.
1153,IB002922,2021-08,2191.0,ELEMENT KIT OIL FILTER
1153,IB999501,2021-08,1011.0,GEAR BOX BUSHING KIT
1153,IB999850,2021-08,3644.0,FILTER SET E483
1153,ID201024,2021-08,2423.0,BY PASS FILTER
1153,ID202167,2021-08,1047.0,CAP RADIATOR (TC)
1153,ID205077,2021-08,1276.0,CABLE ACCELERATOR (1090 K CNG)
1153,ID301958,2021-08,2349.0,FUEL STRAINER (MAV COWL)
1153,ID309786,2021-08,1096.0,VALVE STEM SEAL
1153,ID334315,2021-08,282.0,MAIN FILTER KIT
1153,IF000504,2021-08,1227.0,"OIL SEAL, FR HUB WHEEL"
1153,IM300205,2021-08,4720.0,EICHER PREMIUM COOLANT
1153,MB293356,2021-08,2440.0,HEX BOLT 12 X1.25 X 30  (10
1153,MB344408,2021-08,7540.0,CLIP TRIM
1153,MB394519,2021-08,1440.0,KNOB INSIDE LOCK
1153,MB486038,2021-08,1820.0,BALL JOINT G/SHF CONT.LINK
1153,ME013536,2021-08,2044.0,GASKET EXHAUST MANIFOLD
1153,ME020244,2021-08,1016.0,CAP VALVE GEAR TRAIN
1153,ME074696,2021-08,2296.0,"SEAL, VALVE STEM"
1153,ME603242,2021-08,265.0,"ME603242, RING SYNCHRONIZER"
1153,MF140225,2021-08,1160.0,BOLT M8x1.25x20
1153,MF434103,2021-08,1060.0,FLANGE NUT M-6
1153,MF434104,2021-08,2008.0,NUT FL. M8X1.25
1153,MF434105,2021-08,1700.0,NUT FL. M10x1.25
1153,MF445086,2021-08,7700.0,NUT SELF LOCKING 12
1153,MF472103,2021-08,1940.0,SPLIT PIN (5X45)
1153,MF472127,2021-08,1480.0,SPLIT PIN
1153,MH001715,2021-08,1580.0,"MH001715, BOLT"
1153,MS602013,2021-08,470.0,HOSE FUEL 6X110
1153,MS660163,2021-08,580.0,HOSE CLIP (11.6)
1153,MS660164,2021-08,960.0,HOSE CLIP (13.1)
1153,ID376839,2021-08,372.0,SERVICE KIT OIL FILTER & O RING
1153,ID329244,2021-08,85.0,VALVE STEM SEAL
1153,IA203036,2021-09,1710.0,"GASKET,REAR AXLE SHAFT (LCV)"
1153,IA203086,2021-09,930.0,GASKET REAR AXLE SHAFT (HCV)
1153,IA208182,2021-09,1491.0,"CAP, FUEL TANK (HCV)"
1153,IA215142,2021-09,2925.0,"OIL SEAL,HUB REAR OUTER WHEEL"
1153,IA215577,2021-09,3849.0,"OIL SEAL,HUB REAR OUTER WHEEL (MCV)"
1153,IA215578,2021-09,1617.0,OIL SEAL HUB REAR OUTER (HCV)
1153,IA230267,2021-09,3081.0,HUB BOLT KIT REAR 10.90
1153,IA301086,2021-09,1588.0,WHEEL NUT ASSY (HCV/MAV)(SIZE- A/F - 32)
1153,IA329978,2021-09,2814.0,PLASTIC CLIP.
1153,IB002922,2021-09,2835.0,ELEMENT KIT OIL FILTER
1153,IB999501,2021-09,2365.0,GEAR BOX BUSHING KIT
1153,IB999850,2021-09,8320.0,FILTER SET E483
1153,ID201024,2021-09,3401.0,BY PASS FILTER
1153,ID202167,2021-09,1418.0,CAP RADIATOR (TC)
1153,ID205077,2021-09,1576.0,CABLE ACCELERATOR (1090 K CNG)
1153,ID301958,2021-09,2743.0,FUEL STRAINER (MAV COWL)
1153,ID309786,2021-09,1080.0,VALVE STEM SEAL
1153,ID334315,2021-09,365.0,MAIN FILTER KIT
1153,IF000504,2021-09,1767.0,"OIL SEAL, FR HUB WHEEL"
1153,IM300205,2021-09,3480.0,EICHER PREMIUM COOLANT
1153,MB293356,2021-09,3660.0,HEX BOLT 12 X1.25 X 30  (10
1153,MB344408,2021-09,7260.0,CLIP TRIM
1153,MB394519,2021-09,2360.0,KNOB INSIDE LOCK
1153,MB486038,2021-09,3300.0,BALL JOINT G/SHF CONT.LINK
1153,ME013536,2021-09,2780.0,GASKET EXHAUST MANIFOLD
1153,ME020244,2021-09,1048.0,CAP VALVE GEAR TRAIN
1153,ME074696,2021-09,3936.0,"SEAL, VALVE STEM"
1153,ME603242,2021-09,2315.0,"ME603242, RING SYNCHRONIZER"
1153,MF140225,2021-09,1380.0,BOLT M8x1.25x20
1153,MF434103,2021-09,1260.0,FLANGE NUT M-6
1153,MF434104,2021-09,1520.0,NUT FL. M8X1.25
1153,MF434105,2021-09,1560.0,NUT FL. M10x1.25
1153,MF445086,2021-09,8460.0,NUT SELF LOCKING 12
1153,MF472103,2021-09,2280.0,SPLIT PIN (5X45)
1153,MF472127,2021-09,1320.0,SPLIT PIN
1153,MH001715,2021-09,1780.0,"MH001715, BOLT"
1153,MS602013,2021-09,1630.0,HOSE FUEL 6X110
1153,MS660163,2021-09,1160.0,HOSE CLIP (11.6)
1153,MS660164,2021-09,2080.0,HOSE CLIP (13.1)
1153,ID376839,2021-09,390.0,SERVICE KIT OIL FILTER & O RING
1153,ID329244,2021-09,100.0,VALVE STEM SEAL
1153,IA203036,2021-10,1620.0,"GASKET,REAR AXLE SHAFT (LCV)"
1153,IA203086,2021-10,690.0,GASKET REAR AXLE SHAFT (HCV)
1153,IA208182,2021-10,1846.0,"CAP, FUEL TANK (HCV)"
1153,IA215142,2021-10,2339.0,"OIL SEAL,HUB REAR OUTER WHEEL"
1153,IA215577,2021-10,3867.0,"OIL SEAL,HUB REAR OUTER WHEEL (MCV)"
1153,IA215578,2021-10,1353.0,OIL SEAL HUB REAR OUTER (HCV)
1153,IA230267,2021-10,4522.0,HUB BOLT KIT REAR 10.90
1153,IA301086,2021-10,1157.0,WHEEL NUT ASSY (HCV/MAV)(SIZE- A/F - 32)
1153,IA329978,2021-10,1526.0,PLASTIC CLIP.
1153,IB002922,2021-10,2883.0,ELEMENT KIT OIL FILTER
1153,IB999501,2021-10,1692.0,GEAR BOX BUSHING KIT
1153,IB999850,2021-10,3802.0,FILTER SET E483
1153,ID201024,2021-10,3177.0,BY PASS FILTER
1153,ID202167,2021-10,1032.0,CAP RADIATOR (TC)
1153,ID205077,2021-10,1433.0,CABLE ACCELERATOR (1090 K CNG)
1153,ID301958,2021-10,2641.0,FUEL STRAINER (MAV COWL)
1153,ID309786,2021-10,1120.0,VALVE STEM SEAL
1153,ID334315,2021-10,446.0,MAIN FILTER KIT
1153,IF000504,2021-10,1707.0,"OIL SEAL, FR HUB WHEEL"
1153,IM300205,2021-10,3980.0,EICHER PREMIUM COOLANT
1153,MB293356,2021-10,4740.0,HEX BOLT 12 X1.25 X 30  (10
1153,MB344408,2021-10,7720.0,CLIP TRIM
1153,MB394519,2021-10,1720.0,KNOB INSIDE LOCK
1153,MB486038,2021-10,2610.0,BALL JOINT G/SHF CONT.LINK
1153,ME013536,2021-10,2492.0,GASKET EXHAUST MANIFOLD
1153,ME020244,2021-10,1240.0,CAP VALVE GEAR TRAIN
1153,ME074696,2021-10,3024.0,"SEAL, VALVE STEM"
1153,ME603242,2021-10,2055.0,"ME603242, RING SYNCHRONIZER"
1153,MF140225,2021-10,1240.0,BOLT M8x1.25x20
1153,MF434103,2021-10,900.0,FLANGE NUT M-6
1153,MF434104,2021-10,1520.0,NUT FL. M8X1.25
1153,MF434105,2021-10,1740.0,NUT FL. M10x1.25
1153,MF445086,2021-10,5840.0,NUT SELF LOCKING 12
1153,MF472103,2021-10,2360.0,SPLIT PIN (5X45)
1153,MF472127,2021-10,1360.0,SPLIT PIN
1153,MH001715,2021-10,1400.0,"MH001715, BOLT"
1153,MS602013,2021-10,2070.0,HOSE FUEL 6X110
1153,MS660163,2021-10,740.0,HOSE CLIP (11.6)
1153,MS660164,2021-10,900.0,HOSE CLIP (13.1)
1153,ID376839,2021-10,474.0,SERVICE KIT OIL FILTER & O RING
1153,ID329244,2021-10,173.0,VALVE STEM SEAL
1153,IA203036,2021-11,870.0,"GASKET,REAR AXLE SHAFT (LCV)"
1153,IA203086,2021-11,590.0,GASKET REAR AXLE SHAFT (HCV)
1153,IA208182,2021-11,352.0,"CAP, FUEL TANK (HCV)"
1153,IA215142,2021-11,2714.0,"OIL SEAL,HUB REAR OUTER WHEEL"
1153,IA215577,2021-11,3632.0,"OIL SEAL,HUB REAR OUTER WHEEL (MCV)"
1153,IA215578,2021-11,1235.0,OIL SEAL HUB REAR OUTER (HCV)
1153,IA230267,2021-11,625.0,HUB BOLT KIT REAR 10.90
1153,IA301086,2021-11,1936.0,WHEEL NUT ASSY (HCV/MAV)(SIZE- A/F - 32)
1153,IA329978,2021-11,826.0,PLASTIC CLIP.
1153,IB002922,2021-11,1793.0,ELEMENT KIT OIL FILTER
1153,IB999501,2021-11,1530.0,GEAR BOX BUSHING KIT
1153,IB999850,2021-11,2951.0,FILTER SET E483
1153,ID201024,2021-11,1994.0,BY PASS FILTER
1153,ID202167,2021-11,1026.0,CAP RADIATOR (TC)
1153,ID205077,2021-11,1645.0,CABLE ACCELERATOR (1090 K CNG)
1153,ID301958,2021-11,2252.0,FUEL STRAINER (MAV COWL)
1153,ID309786,2021-11,1184.0,VALVE STEM SEAL
1153,ID334315,2021-11,379.0,MAIN FILTER KIT
1153,IF000504,2021-11,2003.0,"OIL SEAL, FR HUB WHEEL"
1153,IM300205,2021-11,4100.0,EICHER PREMIUM COOLANT
1153,MB293356,2021-11,2111.0,HEX BOLT 12 X1.25 X 30  (10
1153,MB344408,2021-11,4000.0,CLIP TRIM
1153,MB394519,2021-11,1360.0,KNOB INSIDE LOCK
1153,MB486038,2021-11,2010.0,BALL JOINT G/SHF CONT.LINK
1153,ME013536,2021-11,1312.0,GASKET EXHAUST MANIFOLD
1153,ME020244,2021-11,1304.0,CAP VALVE GEAR TRAIN
1153,ME074696,2021-11,3192.0,"SEAL, VALVE STEM"
1153,ME603242,2021-11,1923.0,"ME603242, RING SYNCHRONIZER"
1153,MF140225,2021-11,960.0,BOLT M8x1.25x20
1153,MF434103,2021-11,1160.0,FLANGE NUT M-6
1153,MF434104,2021-11,1920.0,NUT FL. M8X1.25
1153,MF434105,2021-11,2080.0,NUT FL. M10x1.25
1153,MF445086,2021-11,7880.0,NUT SELF LOCKING 12
1153,MF472103,2021-11,2320.0,SPLIT PIN (5X45)
1153,MF472127,2021-11,1360.0,SPLIT PIN
1153,MH001715,2021-11,1720.0,"MH001715, BOLT"
1153,MS602013,2021-11,1140.0,HOSE FUEL 6X110
1153,MS660163,2021-11,960.0,HOSE CLIP (11.6)
1153,MS660164,2021-11,1260.0,HOSE CLIP (13.1)
1153,ID376839,2021-11,454.0,SERVICE KIT OIL FILTER & O RING
1153,ID329244,2021-11,84.0,VALVE STEM SEAL
1153,IA203036,2021-12,2690.0,"GASKET,REAR AXLE SHAFT (LCV)"
1153,IA203086,2021-12,1540.0,GASKET REAR AXLE SHAFT (HCV)
1153,IA208182,2021-12,2332.0,"CAP, FUEL TANK (HCV)"
1153,IA215142,2021-12,3201.0,"OIL SEAL,HUB REAR OUTER WHEEL"
1153,IA215577,2021-12,4449.0,"OIL SEAL,HUB REAR OUTER WHEEL (MCV)"
1153,IA215578,2021-12,2336.0,OIL SEAL HUB REAR OUTER (HCV)
1153,IA230267,2021-12,3950.0,HUB BOLT KIT REAR 10.90
1153,IA301086,2021-12,2157.0,WHEEL NUT ASSY (HCV/MAV)(SIZE- A/F - 32)
1153,IA329978,2021-12,952.0,PLASTIC CLIP.
1153,IB002922,2021-12,2215.0,ELEMENT KIT OIL FILTER
1153,IB999501,2021-12,2314.0,GEAR BOX BUSHING KIT
1153,IB999850,2021-12,5311.0,FILTER SET E483
1153,ID201024,2021-12,2828.0,BY PASS FILTER
1153,ID202167,2021-12,1267.0,CAP RADIATOR (TC)
1153,ID205077,2021-12,2168.0,CABLE ACCELERATOR (1090 K CNG)
1153,ID301958,2021-12,2487.0,FUEL STRAINER (MAV COWL)
1153,ID309786,2021-12,1512.0,VALVE STEM SEAL
1153,ID334315,2021-12,550.0,MAIN FILTER KIT
1153,IF000504,2021-12,2110.0,"OIL SEAL, FR HUB WHEEL"
1153,IM300205,2021-12,5460.0,EICHER PREMIUM COOLANT
1153,MB293356,2021-12,3260.0,HEX BOLT 12 X1.25 X 30  (10
1153,MB344408,2021-12,4720.0,CLIP TRIM
1153,MB394519,2021-12,1920.0,KNOB INSIDE LOCK
1153,MB486038,2021-12,3360.0,BALL JOINT G/SHF CONT.LINK
1153,ME013536,2021-12,1872.0,GASKET EXHAUST MANIFOLD
1153,ME020244,2021-12,1168.0,CAP VALVE GEAR TRAIN
1153,ME074696,2021-12,3256.0,"SEAL, VALVE STEM"
1153,ME603242,2021-12,1796.0,"ME603242, RING SYNCHRONIZER"
1153,MF140225,2021-12,1440.0,BOLT M8x1.25x20
1153,MF434103,2021-12,1900.0,FLANGE NUT M-6
1153,MF434104,2021-12,2400.0,NUT FL. M8X1.25
1153,MF434105,2021-12,2560.0,NUT FL. M10x1.25
1153,MF445086,2021-12,9760.0,NUT SELF LOCKING 12
1153,MF472103,2021-12,2500.0,SPLIT PIN (5X45)
1153,MF472127,2021-12,1280.0,SPLIT PIN
1153,MH001715,2021-12,2310.0,"MH001715, BOLT"
1153,MS602013,2021-12,1510.0,HOSE FUEL 6X110
1153,MS660163,2021-12,1580.0,HOSE CLIP (11.6)
1153,MS660164,2021-12,1140.0,HOSE CLIP (13.1)
1153,ID376839,2021-12,671.0,SERVICE KIT OIL FILTER & O RING
1153,ID329244,2021-12,256.0,VALVE STEM SEAL
1153,IA203036,2022-01,2280.0,"GASKET,REAR AXLE SHAFT (LCV)"
1153,IA203086,2022-01,860.0,GASKET REAR AXLE SHAFT (HCV)
1153,IA208182,2022-01,1062.0,"CAP, FUEL TANK (HCV)"
1153,IA215142,2022-01,1614.0,"OIL SEAL,HUB REAR OUTER WHEEL"
1153,IA215577,2022-01,2386.0,"OIL SEAL,HUB REAR OUTER WHEEL (MCV)"
1153,IA215578,2022-01,1184.0,OIL SEAL HUB REAR OUTER (HCV)
1153,IA230267,2022-01,2104.0,HUB BOLT KIT REAR 10.90
1153,IA301086,2022-01,1924.0,WHEEL NUT ASSY (HCV/MAV)(SIZE- A/F - 32)
1153,IA329978,2022-01,1400.0,PLASTIC CLIP.
1153,IB002922,2022-01,1641.0,ELEMENT KIT OIL FILTER
1153,IB999501,2022-01,1132.0,GEAR BOX BUSHING KIT
1153,IB999850,2022-01,2610.0,FILTER SET E483
1153,ID201024,2022-01,1890.0,BY PASS FILTER
1153,ID202167,2022-01,708.0,CAP RADIATOR (TC)
1153,ID205077,2022-01,1177.0,CABLE ACCELERATOR (1090 K CNG)
1153,ID301958,2022-01,1555.0,FUEL STRAINER (MAV COWL)
1153,ID309786,2022-01,1152.0,VALVE STEM SEAL
1153,ID334315,2022-01,462.0,MAIN FILTER KIT
1153,IF000504,2022-01,1251.0,"OIL SEAL, FR HUB WHEEL"
1153,IM300205,2022-01,3760.0,EICHER PREMIUM COOLANT
1153,MB293356,2022-01,1990.0,HEX BOLT 12 X1.25 X 30  (10
1153,MB344408,2022-01,3640.0,CLIP TRIM
1153,MB394519,2022-01,880.0,KNOB INSIDE LOCK
1153,MB486038,2022-01,2010.0,BALL JOINT G/SHF CONT.LINK
1153,ME013536,2022-01,2516.0,GASKET EXHAUST MANIFOLD
1153,ME020244,2022-01,872.0,CAP VALVE GEAR TRAIN
1153,ME074696,2022-01,2752.0,"SEAL, VALVE STEM"
1153,ME603242,2022-01,927.0,"ME603242, RING SYNCHRONIZER"
1153,MF140225,2022-01,800.0,BOLT M8x1.25x20
1153,MF434103,2022-01,820.0,FLANGE NUT M-6
1153,MF434104,2022-01,1600.0,NUT FL. M8X1.25
1153,MF434105,2022-01,1560.0,NUT FL. M10x1.25
1153,MF445086,2022-01,6040.0,NUT SELF LOCKING 12
1153,MF472103,2022-01,2760.0,SPLIT PIN (5X45)
1153,MF472127,2022-01,1440.0,SPLIT PIN
1153,MH001715,2022-01,1490.0,"MH001715, BOLT"
1153,MS602013,2022-01,510.0,HOSE FUEL 6X110
1153,MS660163,2022-01,660.0,HOSE CLIP (11.6)
1153,MS660164,2022-01,600.0,HOSE CLIP (13.1)
1153,ID376839,2022-01,556.0,SERVICE KIT OIL FILTER & O RING
1153,ID329244,2022-01,232.0,VALVE STEM SEAL
1153,IA203036,2022-02,1270.0,"GASKET,REAR AXLE SHAFT (LCV)"
1153,IA203086,2022-02,960.0,GASKET REAR AXLE SHAFT (HCV)
1153,IA208182,2022-02,1228.0,"CAP, FUEL TANK (HCV)"
1153,IA215142,2022-02,1891.0,"OIL SEAL,HUB REAR OUTER WHEEL"
1153,IA215577,2022-02,2793.0,"OIL SEAL,HUB REAR OUTER WHEEL (MCV)"
1153,IA215578,2022-02,1672.0,OIL SEAL HUB REAR OUTER (HCV)
1153,IA230267,2022-02,2185.0,HUB BOLT KIT REAR 10.90
1153,IA301086,2022-02,1799.0,WHEEL NUT ASSY (HCV/MAV)(SIZE- A/F - 32)
1153,IA329978,2022-02,1414.0,PLASTIC CLIP.
1153,IB002922,2022-02,1915.0,ELEMENT KIT OIL FILTER
1153,IB999501,2022-02,2000.0,GEAR BOX BUSHING KIT
1153,IB999850,2022-02,4642.0,FILTER SET E483
1153,ID201024,2022-02,2275.0,BY PASS FILTER
1153,ID202167,2022-02,1081.0,CAP RADIATOR (TC)
1153,ID205077,2022-02,1211.0,CABLE ACCELERATOR (1090 K CNG)
1153,ID301958,2022-02,1874.0,FUEL STRAINER (MAV COWL)
1153,ID309786,2022-02,1080.0,VALVE STEM SEAL
1153,ID334315,2022-02,364.0,MAIN FILTER KIT
1153,IF000504,2022-02,1132.0,"OIL SEAL, FR HUB WHEEL"
1153,IM300205,2022-02,4100.0,EICHER PREMIUM COOLANT
1153,MB293356,2022-02,2290.0,HEX BOLT 12 X1.25 X 30  (10
1153,MB344408,2022-02,3300.0,CLIP TRIM
1153,MB394519,2022-02,1220.0,KNOB INSIDE LOCK
1153,MB486038,2022-02,3530.0,BALL JOINT G/SHF CONT.LINK
1153,ME013536,2022-02,1408.0,GASKET EXHAUST MANIFOLD
1153,ME020244,2022-02,856.0,CAP VALVE GEAR TRAIN
1153,ME074696,2022-02,2280.0,"SEAL, VALVE STEM"
1153,ME603242,2022-02,1558.0,"ME603242, RING SYNCHRONIZER"
1153,MF140225,2022-02,1600.0,BOLT M8x1.25x20
1153,MF434103,2022-02,980.0,FLANGE NUT M-6
1153,MF434104,2022-02,1560.0,NUT FL. M8X1.25
1153,MF434105,2022-02,1567.0,NUT FL. M10x1.25
1153,MF445086,2022-02,6940.0,NUT SELF LOCKING 12
1153,MF472103,2022-02,2660.0,SPLIT PIN (5X45)
1153,MF472127,2022-02,1660.0,SPLIT PIN
1153,MH001715,2022-02,1350.0,"MH001715, BOLT"
1153,MS602013,2022-02,1310.0,HOSE FUEL 6X110
1153,MS660163,2022-02,560.0,HOSE CLIP (11.6)
1153,MS660164,2022-02,1120.0,HOSE CLIP (13.1)
1153,ID376839,2022-02,635.0,SERVICE KIT OIL FILTER & O RING
1153,ID329244,2022-02,360.0,VALVE STEM SEAL
1153,IA203036,2022-03,1630.0,"GASKET,REAR AXLE SHAFT (LCV)"
1153,IA203086,2022-03,1000.0,GASKET REAR AXLE SHAFT (HCV)
1153,IA208182,2022-03,2523.0,"CAP, FUEL TANK (HCV)"
1153,IA215142,2022-03,2663.0,"OIL SEAL,HUB REAR OUTER WHEEL"
1153,IA215577,2022-03,3336.0,"OIL SEAL,HUB REAR OUTER WHEEL (MCV)"
1153,IA215578,2022-03,2052.0,OIL SEAL HUB REAR OUTER (HCV)
1153,IA230267,2022-03,2471.0,HUB BOLT KIT REAR 10.90
1153,IA301086,2022-03,1619.0,WHEEL NUT ASSY (HCV/MAV)(SIZE- A/F - 32)
1153,IA329978,2022-03,1246.0,PLASTIC CLIP.
1153,IB002922,2022-03,2890.0,ELEMENT KIT OIL FILTER
1153,IB999501,2022-03,2313.0,GEAR BOX BUSHING KIT
1153,IB999850,2022-03,9431.0,FILTER SET E483
1153,ID201024,2022-03,3547.0,BY PASS FILTER
1153,ID202167,2022-03,2068.0,CAP RADIATOR (TC)
1153,ID205077,2022-03,1740.0,CABLE ACCELERATOR (1090 K CNG)
1153,ID301958,2022-03,2760.0,FUEL STRAINER (MAV COWL)
1153,ID309786,2022-03,1800.0,VALVE STEM SEAL
1153,ID334315,2022-03,628.0,MAIN FILTER KIT
1153,IF000504,2022-03,1862.0,"OIL SEAL, FR HUB WHEEL"
1153,IM300205,2022-03,6820.0,EICHER PREMIUM COOLANT
1153,MB293356,2022-03,3240.0,HEX BOLT 12 X1.25 X 30  (10
1153,MB344408,2022-03,7100.0,CLIP TRIM
1153,MB394519,2022-03,2080.0,KNOB INSIDE LOCK
1153,MB486038,2022-03,4450.0,BALL JOINT G/SHF CONT.LINK
1153,ME013536,2022-03,3020.0,GASKET EXHAUST MANIFOLD
1153,ME020244,2022-03,2104.0,CAP VALVE GEAR TRAIN
1153,ME074696,2022-03,4000.0,"SEAL, VALVE STEM"
1153,ME603242,2022-03,1507.0,"ME603242, RING SYNCHRONIZER"
1153,MF140225,2022-03,1140.0,BOLT M8x1.25x20
1153,MF434103,2022-03,1540.0,FLANGE NUT M-6
1153,MF434104,2022-03,2160.0,NUT FL. M8X1.25
1153,MF434105,2022-03,3060.0,NUT FL. M10x1.25
1153,MF445086,2022-03,15280.0,NUT SELF LOCKING 12
1153,MF472103,2022-03,2300.0,SPLIT PIN (5X45)
1153,MF472127,2022-03,2080.0,SPLIT PIN
1153,MH001715,2022-03,1720.0,"MH001715, BOLT"
1153,MS602013,2022-03,1720.0,HOSE FUEL 6X110
1153,MS660163,2022-03,1120.0,HOSE CLIP (11.6)
1153,MS660164,2022-03,1120.0,HOSE CLIP (13.1)
1153,ID376839,2022-03,953.0,SERVICE KIT OIL FILTER & O RING
1153,ID329244,2022-03,680.0,VALVE STEM SEAL
1153,IA203036,2022-04,850.0,"GASKET,REAR AXLE SHAFT (LCV)"
1153,IA203086,2022-04,1350.0,GASKET REAR AXLE SHAFT (HCV)
1153,IA208182,2022-04,1368.0,"CAP, FUEL TANK (HCV)"
1153,IA215142,2022-04,2674.0,"OIL SEAL,HUB REAR OUTER WHEEL"
1153,IA215577,2022-04,3652.0,"OIL SEAL,HUB REAR OUTER WHEEL (MCV)"
1153,IA215578,2022-04,1854.0,OIL SEAL HUB REAR OUTER (HCV)
1153,IA230267,2022-04,2140.0,HUB BOLT KIT REAR 10.90
1153,IA301086,2022-04,1239.0,WHEEL NUT ASSY (HCV/MAV)(SIZE- A/F - 32)
1153,IA329978,2022-04,1470.0,PLASTIC CLIP.
1153,IB002922,2022-04,1724.0,ELEMENT KIT OIL FILTER
1153,IB999501,2022-04,1554.0,GEAR BOX BUSHING KIT
1153,IB999850,2022-04,4583.0,FILTER SET E483
1153,ID201024,2022-04,2215.0,BY PASS FILTER
1153,ID202167,2022-04,1511.0,CAP RADIATOR (TC)
1153,ID205077,2022-04,1110.0,CABLE ACCELERATOR (1090 K CNG)
1153,ID301958,2022-04,1931.0,FUEL STRAINER (MAV COWL)
1153,ID309786,2022-04,2760.0,VALVE STEM SEAL
1153,ID334315,2022-04,291.0,MAIN FILTER KIT
1153,IF000504,2022-04,1955.0,"OIL SEAL, FR HUB WHEEL"
1153,IM300205,2022-04,5760.0,EICHER PREMIUM COOLANT
1153,MB293356,2022-04,2250.0,HEX BOLT 12 X1.25 X 30  (10
1153,MB344408,2022-04,3760.0,CLIP TRIM
1153,MB394519,2022-04,1680.0,KNOB INSIDE LOCK
1153,MB486038,2022-04,2230.0,BALL JOINT G/SHF CONT.LINK
1153,ME013536,2022-04,1868.0,GASKET EXHAUST MANIFOLD
1153,ME020244,2022-04,1968.0,CAP VALVE GEAR TRAIN
1153,ME074696,2022-04,5064.0,"SEAL, VALVE STEM"
1153,ME603242,2022-04,1603.0,"ME603242, RING SYNCHRONIZER"
1153,MF140225,2022-04,1120.0,BOLT M8x1.25x20
1153,MF434103,2022-04,1480.0,FLANGE NUT M-6
1153,MF434104,2022-04,1680.0,NUT FL. M8X1.25
1153,MF434105,2022-04,2440.0,NUT FL. M10x1.25
1153,MF445086,2022-04,7540.0,NUT SELF LOCKING 12
1153,MF472103,2022-04,2100.0,SPLIT PIN (5X45)
1153,MF472127,2022-04,1420.0,SPLIT PIN
1153,MH001715,2022-04,1560.0,"MH001715, BOLT"
1153,MS602013,2022-04,1300.0,HOSE FUEL 6X110
1153,MS660163,2022-04,1120.0,HOSE CLIP (11.6)
1153,MS660164,2022-04,1680.0,HOSE CLIP (13.1)
1153,ID376839,2022-04,733.0,SERVICE KIT OIL FILTER & O RING
1153,ID329244,2022-04,660.0,VALVE STEM SEAL
1153,IA203036,2022-05,1730.0,"GASKET,REAR AXLE SHAFT (LCV)"
1153,IA203086,2022-05,1960.0,GASKET REAR AXLE SHAFT (HCV)
1153,IA208182,2022-05,1698.0,"CAP, FUEL TANK (HCV)"
1153,IA215142,2022-05,4053.0,"OIL SEAL,HUB REAR OUTER WHEEL"
1153,IA215577,2022-05,6264.0,"OIL SEAL,HUB REAR OUTER WHEEL (MCV)"
1153,IA215578,2022-05,1535.0,OIL SEAL HUB REAR OUTER (HCV)
1153,IA230267,2022-05,1862.0,HUB BOLT KIT REAR 10.90
1153,IA301086,2022-05,1937.0,WHEEL NUT ASSY (HCV/MAV)(SIZE- A/F - 32)
1153,IA329978,2022-05,980.0,PLASTIC CLIP.
1153,IB002922,2022-05,2828.0,ELEMENT KIT OIL FILTER
1153,IB999501,2022-05,1906.0,GEAR BOX BUSHING KIT
1153,IB999850,2022-05,6225.0,FILTER SET E483
1153,ID201024,2022-05,3072.0,BY PASS FILTER
1153,ID202167,2022-05,1859.0,CAP RADIATOR (TC)
1153,ID205077,2022-05,1807.0,CABLE ACCELERATOR (1090 K CNG)
1153,ID301958,2022-05,3941.0,FUEL STRAINER (MAV COWL)
1153,ID309786,2022-05,944.0,VALVE STEM SEAL
1153,ID334315,2022-05,911.0,MAIN FILTER KIT
1153,IF000504,2022-05,2507.0,"OIL SEAL, FR HUB WHEEL"
1153,IM300205,2022-05,5520.0,EICHER PREMIUM COOLANT
1153,MB293356,2022-05,1950.0,HEX BOLT 12 X1.25 X 30  (10
1153,MB344408,2022-05,3920.0,CLIP TRIM
1153,MB394519,2022-05,1000.0,KNOB INSIDE LOCK
1153,MB486038,2022-05,2260.0,BALL JOINT G/SHF CONT.LINK
1153,ME013536,2022-05,2252.0,GASKET EXHAUST MANIFOLD
1153,ME020244,2022-05,1392.0,CAP VALVE GEAR TRAIN
1153,ME074696,2022-05,2768.0,"SEAL, VALVE STEM"
1153,ME603242,2022-05,1911.0,"ME603242, RING SYNCHRONIZER"
1153,MF140225,2022-05,1020.0,BOLT M8x1.25x20
1153,MF434103,2022-05,860.0,FLANGE NUT M-6
1153,MF434104,2022-05,1740.0,NUT FL. M8X1.25
1153,MF434105,2022-05,1580.0,NUT FL. M10x1.25
1153,MF445086,2022-05,6260.0,NUT SELF LOCKING 12
1153,MF472103,2022-05,3160.0,SPLIT PIN (5X45)
1153,MF472127,2022-05,2160.0,SPLIT PIN
1153,MH001715,2022-05,1430.0,"MH001715, BOLT"
1153,MS602013,2022-05,2870.0,HOSE FUEL 6X110
1153,MS660163,2022-05,1060.0,HOSE CLIP (11.6)
1153,MS660164,2022-05,1220.0,HOSE CLIP (13.1)
1153,ID376839,2022-05,793.0,SERVICE KIT OIL FILTER & O RING
1153,ID329244,2022-05,380.0,VALVE STEM SEAL
1153,IA203036,2022-06,1750.0,"GASKET,REAR AXLE SHAFT (LCV)"
1153,IA203086,2022-06,490.0,GASKET REAR AXLE SHAFT (HCV)
1153,IA208182,2022-06,1161.0,"CAP, FUEL TANK (HCV)"
1153,IA215142,2022-06,2108.0,"OIL SEAL,HUB REAR OUTER WHEEL"
1153,IA215577,2022-06,2811.0,"OIL SEAL,HUB REAR OUTER WHEEL (MCV)"
1153,IA215578,2022-06,1248.0,OIL SEAL HUB REAR OUTER (HCV)
1153,IA230267,2022-06,1138.0,HUB BOLT KIT REAR 10.90
1153,IA301086,2022-06,1985.0,WHEEL NUT ASSY (HCV/MAV)(SIZE- A/F - 32)
1153,IA329978,2022-06,1540.0,PLASTIC CLIP.
1153,IB002922,2022-06,2194.0,ELEMENT KIT OIL FILTER
1153,IB999501,2022-06,1422.0,GEAR BOX BUSHING KIT
1153,IB999850,2022-06,5723.0,FILTER SET E483
1153,ID201024,2022-06,2883.0,BY PASS FILTER
1153,ID202167,2022-06,1059.0,CAP RADIATOR (TC)
1153,ID205077,2022-06,1467.0,CABLE ACCELERATOR (1090 K CNG)
1153,ID301958,2022-06,2100.0,FUEL STRAINER (MAV COWL)
1153,ID309786,2022-06,1728.0,VALVE STEM SEAL
1153,ID334315,2022-06,661.0,MAIN FILTER KIT
1153,IF000504,2022-06,1869.0,"OIL SEAL, FR HUB WHEEL"
1153,IM300205,2022-06,4680.0,EICHER PREMIUM COOLANT
1153,MB293356,2022-06,3030.0,HEX BOLT 12 X1.25 X 30  (10
1153,MB344408,2022-06,4780.0,CLIP TRIM
1153,MB394519,2022-06,1620.0,KNOB INSIDE LOCK
1153,MB486038,2022-06,3230.0,BALL JOINT G/SHF CONT.LINK
1153,ME013536,2022-06,1584.0,GASKET EXHAUST MANIFOLD
1153,ME020244,2022-06,1592.0,CAP VALVE GEAR TRAIN
1153,ME074696,2022-06,2848.0,"SEAL, VALVE STEM"
1153,ME603242,2022-06,1276.0,"ME603242, RING SYNCHRONIZER"
1153,MF140225,2022-06,1660.0,BOLT M8x1.25x20
1153,MF434103,2022-06,1440.0,FLANGE NUT M-6
1153,MF434104,2022-06,2500.0,NUT FL. M8X1.25
1153,MF434105,2022-06,2440.0,NUT FL. M10x1.25
1153,MF445086,2022-06,8120.0,NUT SELF LOCKING 12
1153,MF472103,2022-06,2360.0,SPLIT PIN (5X45)
1153,MF472127,2022-06,1380.0,SPLIT PIN
1153,MH001715,2022-06,1630.0,"MH001715, BOLT"
1153,MS602013,2022-06,1650.0,HOSE FUEL 6X110
1153,MS660163,2022-06,1260.0,HOSE CLIP (11.6)
1153,MS660164,2022-06,1520.0,HOSE CLIP (13.1)
1153,ID376839,2022-06,753.0,SERVICE KIT OIL FILTER & O RING
1153,ID329244,2022-06,750.0,VALVE STEM SEAL
1153,IA203036,2022-07,1280.0,"GASKET,REAR AXLE SHAFT (LCV)"
1153,IA203086,2022-07,1180.0,GASKET REAR AXLE SHAFT (HCV)
1153,IA208182,2022-07,1729.0,"CAP, FUEL TANK (HCV)"
1153,IA215142,2022-07,1212.0,"OIL SEAL,HUB REAR OUTER WHEEL"
1153,IA215577,2022-07,2317.0,"OIL SEAL,HUB REAR OUTER WHEEL (MCV)"
1153,IA215578,2022-07,1386.0,OIL SEAL HUB REAR OUTER (HCV)
1153,IA230267,2022-07,2869.0,HUB BOLT KIT REAR 10.90
1153,IA301086,2022-07,2065.0,WHEEL NUT ASSY (HCV/MAV)(SIZE- A/F - 32)
1153,IA329978,2022-07,1862.0,PLASTIC CLIP.
1153,IB002922,2022-07,2302.0,ELEMENT KIT OIL FILTER
1153,IB999501,2022-07,2221.0,GEAR BOX BUSHING KIT
1153,IB999850,2022-07,4841.0,FILTER SET E483
1153,ID201024,2022-07,2285.0,BY PASS FILTER
1153,ID202167,2022-07,1598.0,CAP RADIATOR (TC)
1153,ID205077,2022-07,1765.0,CABLE ACCELERATOR (1090 K CNG)
1153,ID301958,2022-07,1581.0,FUEL STRAINER (MAV COWL)
1153,ID309786,2022-07,1128.0,VALVE STEM SEAL
1153,ID334315,2022-07,621.0,MAIN FILTER KIT
1153,IF000504,2022-07,1369.0,"OIL SEAL, FR HUB WHEEL"
1153,IM300205,2022-07,5300.0,EICHER PREMIUM COOLANT
1153,MB293356,2022-07,2340.0,HEX BOLT 12 X1.25 X 30  (10
1153,MB344408,2022-07,6780.0,CLIP TRIM
1153,MB394519,2022-07,1720.0,KNOB INSIDE LOCK
1153,MB486038,2022-07,3150.0,BALL JOINT G/SHF CONT.LINK
1153,ME013536,2022-07,1920.0,GASKET EXHAUST MANIFOLD
1153,ME020244,2022-07,1416.0,CAP VALVE GEAR TRAIN
1153,ME074696,2022-07,4648.0,"SEAL, VALVE STEM"
1153,ME603242,2022-07,959.0,"ME603242, RING SYNCHRONIZER"
1153,MF140225,2022-07,1140.0,BOLT M8x1.25x20
1153,MF434103,2022-07,2100.0,FLANGE NUT M-6
1153,MF434104,2022-07,2380.0,NUT FL. M8X1.25
1153,MF434105,2022-07,2000.0,NUT FL. M10x1.25
1153,MF445086,2022-07,7100.0,NUT SELF LOCKING 12
1153,MF472103,2022-07,2540.0,SPLIT PIN (5X45)
1153,MF472127,2022-07,1600.0,SPLIT PIN
1153,MH001715,2022-07,1320.0,"MH001715, BOLT"
1153,MS602013,2022-07,1720.0,HOSE FUEL 6X110
1153,MS660163,2022-07,1240.0,HOSE CLIP (11.6)
1153,MS660164,2022-07,1620.0,HOSE CLIP (13.1)
1153,ID376839,2022-07,768.0,SERVICE KIT OIL FILTER & O RING
1153,ID329244,2022-07,570.0,VALVE STEM SEAL
1153,IA203036,2022-08,1280.0,"GASKET,REAR AXLE SHAFT (LCV)"
1153,IA203086,2022-08,1140.0,GASKET REAR AXLE SHAFT (HCV)
1153,IA208182,2022-08,1288.0,"CAP, FUEL TANK (HCV)"
1153,IA215142,2022-08,2241.0,"OIL SEAL,HUB REAR OUTER WHEEL"
1153,IA215577,2022-08,2835.0,"OIL SEAL,HUB REAR OUTER WHEEL (MCV)"
1153,IA215578,2022-08,1258.0,OIL SEAL HUB REAR OUTER (HCV)
1153,IA230267,2022-08,1884.0,HUB BOLT KIT REAR 10.90
1153,IA301086,2022-08,3214.0,WHEEL NUT ASSY (HCV/MAV)(SIZE- A/F - 32)
1153,IA329978,2022-08,1400.0,PLASTIC CLIP.
1153,IB002922,2022-08,2187.0,ELEMENT KIT OIL FILTER
1153,IB999501,2022-08,1798.0,GEAR BOX BUSHING KIT
1153,IB999850,2022-08,4438.0,FILTER SET E483
1153,ID201024,2022-08,2424.0,BY PASS FILTER
1153,ID202167,2022-08,1138.0,CAP RADIATOR (TC)
1153,ID205077,2022-08,1575.0,CABLE ACCELERATOR (1090 K CNG)
1153,ID301958,2022-08,1963.0,FUEL STRAINER (MAV COWL)
1153,ID309786,2022-08,2368.0,VALVE STEM SEAL
1153,ID334315,2022-08,749.0,MAIN FILTER KIT
1153,IF000504,2022-08,1138.0,"OIL SEAL, FR HUB WHEEL"
1153,IM300205,2022-08,4540.0,EICHER PREMIUM COOLANT
1153,MB293356,2022-08,1750.0,HEX BOLT 12 X1.25 X 30  (10
1153,MB344408,2022-08,6740.0,CLIP TRIM
1153,MB394519,2022-08,1440.0,KNOB INSIDE LOCK
1153,MB486038,2022-08,2010.0,BALL JOINT G/SHF CONT.LINK
1153,ME013536,2022-08,1668.0,GASKET EXHAUST MANIFOLD
1153,ME020244,2022-08,1544.0,CAP VALVE GEAR TRAIN
1153,ME074696,2022-08,4304.0,"SEAL, VALVE STEM"
1153,ME603242,2022-08,2483.0,"ME603242, RING SYNCHRONIZER"
1153,MF140225,2022-08,1420.0,BOLT M8x1.25x20
1153,MF434103,2022-08,1620.0,FLANGE NUT M-6
1153,MF434104,2022-08,1940.0,NUT FL. M8X1.25
1153,MF434105,2022-08,2000.0,NUT FL. M10x1.25
1153,MF445086,2022-08,5940.0,NUT SELF LOCKING 12
1153,MF472103,2022-08,2620.0,SPLIT PIN (5X45)
1153,MF472127,2022-08,1580.0,SPLIT PIN
1153,MH001715,2022-08,940.0,"MH001715, BOLT"
1153,MS602013,2022-08,1410.0,HOSE FUEL 6X110
1153,MS660163,2022-08,1080.0,HOSE CLIP (11.6)
1153,MS660164,2022-08,1480.0,HOSE CLIP (13.1)
1153,ID376839,2022-08,849.0,SERVICE KIT OIL FILTER & O RING
1153,ID329244,2022-08,890.0,VALVE STEM SEAL
1153,IA203036,2022-09,1390.0,"GASKET,REAR AXLE SHAFT (LCV)"
1153,IA203086,2022-09,2200.0,GASKET REAR AXLE SHAFT (HCV)
1153,IA208182,2022-09,1504.0,"CAP, FUEL TANK (HCV)"
1153,IA215142,2022-09,1777.0,"OIL SEAL,HUB REAR OUTER WHEEL"
1153,IA215577,2022-09,2543.0,"OIL SEAL,HUB REAR OUTER WHEEL (MCV)"
1153,IA215578,2022-09,1644.0,OIL SEAL HUB REAR OUTER (HCV)
1153,IA230267,2022-09,2414.0,HUB BOLT KIT REAR 10.90
1153,IA301086,2022-09,3602.0,WHEEL NUT ASSY (HCV/MAV)(SIZE- A/F - 32)
1153,IA329978,2022-09,1092.0,PLASTIC CLIP.
1153,IB002922,2022-09,2245.0,ELEMENT KIT OIL FILTER
1153,IB999501,2022-09,1811.0,GEAR BOX BUSHING KIT
1153,IB999850,2022-09,4591.0,FILTER SET E483
1153,ID201024,2022-09,2716.0,BY PASS FILTER
1153,ID202167,2022-09,1185.0,CAP RADIATOR (TC)
1153,ID205077,2022-09,1785.0,CABLE ACCELERATOR (1090 K CNG)
1153,ID301958,2022-09,1504.0,FUEL STRAINER (MAV COWL)
1153,ID309786,2022-09,1784.0,VALVE STEM SEAL
1153,ID334315,2022-09,815.0,MAIN FILTER KIT
1153,IF000504,2022-09,1509.0,"OIL SEAL, FR HUB WHEEL"
1153,IM300205,2022-09,4900.0,EICHER PREMIUM COOLANT
1153,MB293356,2022-09,2410.0,HEX BOLT 12 X1.25 X 30  (10
1153,MB344408,2022-09,6110.0,CLIP TRIM
1153,MB394519,2022-09,1740.0,KNOB INSIDE LOCK
1153,MB486038,2022-09,2980.0,BALL JOINT G/SHF CONT.LINK
1153,ME013536,2022-09,1964.0,GASKET EXHAUST MANIFOLD
1153,ME020244,2022-09,1136.0,CAP VALVE GEAR TRAIN
1153,ME074696,2022-09,2888.0,"SEAL, VALVE STEM"
1153,ME603242,2022-09,1414.0,"ME603242, RING SYNCHRONIZER"
1153,MF140225,2022-09,1260.0,BOLT M8x1.25x20
1153,MF434103,2022-09,920.0,FLANGE NUT M-6
1153,MF434104,2022-09,2180.0,NUT FL. M8X1.25
1153,MF434105,2022-09,2040.0,NUT FL. M10x1.25
1153,MF445086,2022-09,7480.0,NUT SELF LOCKING 12
1153,MF472103,2022-09,2160.0,SPLIT PIN (5X45)
1153,MF472127,2022-09,1500.0,SPLIT PIN
1153,MH001715,2022-09,1720.0,"MH001715, BOLT"
1153,MS602013,2022-09,1460.0,HOSE FUEL 6X110
1153,MS660163,2022-09,1220.0,HOSE CLIP (11.6)
1153,MS660164,2022-09,1600.0,HOSE CLIP (13.1)
1153,ID376839,2022-09,899.0,SERVICE KIT OIL FILTER & O RING
1153,ID329244,2022-09,660.0,VALVE STEM SEAL
1153,IA203036,2022-10,1340.0,"GASKET,REAR AXLE SHAFT (LCV)"
1153,IA203086,2022-10,500.0,GASKET REAR AXLE SHAFT (HCV)
1153,IA208182,2022-10,1432.0,"CAP, FUEL TANK (HCV)"
1153,IA215142,2022-10,2603.0,"OIL SEAL,HUB REAR OUTER WHEEL"
1153,IA215577,2022-10,3401.0,"OIL SEAL,HUB REAR OUTER WHEEL (MCV)"
1153,IA215578,2022-10,1578.0,OIL SEAL HUB REAR OUTER (HCV)
1153,IA230267,2022-10,1880.0,HUB BOLT KIT REAR 10.90
1153,IA301086,2022-10,1969.0,WHEEL NUT ASSY (HCV/MAV)(SIZE- A/F - 32)
1153,IA329978,2022-10,1414.0,PLASTIC CLIP.
1153,IB002922,2022-10,1707.0,ELEMENT KIT OIL FILTER
1153,IB999501,2022-10,2049.0,GEAR BOX BUSHING KIT
1153,IB999850,2022-10,5009.0,FILTER SET E483
1153,ID201024,2022-10,1869.0,BY PASS FILTER
1153,ID202167,2022-10,1301.0,CAP RADIATOR (TC)
1153,ID205077,2022-10,1558.0,CABLE ACCELERATOR (1090 K CNG)
1153,ID301958,2022-10,1888.0,FUEL STRAINER (MAV COWL)
1153,ID309786,2022-10,1480.0,VALVE STEM SEAL
1153,ID334315,2022-10,774.0,MAIN FILTER KIT
1153,IF000504,2022-10,1504.0,"OIL SEAL, FR HUB WHEEL"
1153,IM300205,2022-10,4300.0,EICHER PREMIUM COOLANT
1153,MB293356,2022-10,2470.0,HEX BOLT 12 X1.25 X 30  (10
1153,MB344408,2022-10,3600.0,CLIP TRIM
1153,MB394519,2022-10,1320.0,KNOB INSIDE LOCK
1153,MB486038,2022-10,2090.0,BALL JOINT G/SHF CONT.LINK
1153,ME013536,2022-10,1772.0,GASKET EXHAUST MANIFOLD
1153,ME020244,2022-10,920.0,CAP VALVE GEAR TRAIN
1153,ME074696,2022-10,2416.0,"SEAL, VALVE STEM"
1153,ME603242,2022-10,1640.0,"ME603242, RING SYNCHRONIZER"
1153,MF140225,2022-10,1100.0,BOLT M8x1.25x20
1153,MF434103,2022-10,1180.0,FLANGE NUT M-6
1153,MF434104,2022-10,2520.0,NUT FL. M8X1.25
1153,MF434105,2022-10,1900.0,NUT FL. M10x1.25
1153,MF445086,2022-10,6020.0,NUT SELF LOCKING 12
1153,MF472103,2022-10,2160.0,SPLIT PIN (5X45)
1153,MF472127,2022-10,1200.0,SPLIT PIN
1153,MH001715,2022-10,1140.0,"MH001715, BOLT"
1153,MS602013,2022-10,1250.0,HOSE FUEL 6X110
1153,MS660163,2022-10,840.0,HOSE CLIP (11.6)
1153,MS660164,2022-10,1060.0,HOSE CLIP (13.1)
1153,ID376839,2022-10,837.0,SERVICE KIT OIL FILTER & O RING
1153,ID329244,2022-10,510.0,VALVE STEM SEAL
1153,IA203036,2022-11,1230.0,"GASKET,REAR AXLE SHAFT (LCV)"
1153,IA203086,2022-11,1110.0,GASKET REAR AXLE SHAFT (HCV)
1153,IA208182,2022-11,1222.0,"CAP, FUEL TANK (HCV)"
1153,IA215142,2022-11,1308.0,"OIL SEAL,HUB REAR OUTER WHEEL"
1153,IA215577,2022-11,2013.0,"OIL SEAL,HUB REAR OUTER WHEEL (MCV)"
1153,IA215578,2022-11,1601.0,OIL SEAL HUB REAR OUTER (HCV)
1153,IA230267,2022-11,2050.0,HUB BOLT KIT REAR 10.90
1153,IA301086,2022-11,2412.0,WHEEL NUT ASSY (HCV/MAV)(SIZE- A/F - 32)
1153,IA329978,2022-11,1190.0,PLASTIC CLIP.
1153,IB002922,2022-11,2025.0,ELEMENT KIT OIL FILTER
1153,IB999501,2022-11,1551.0,GEAR BOX BUSHING KIT
1153,IB999850,2022-11,4027.0,FILTER SET E483
1153,ID201024,2022-11,2207.0,BY PASS FILTER
1153,ID202167,2022-11,1063.0,CAP RADIATOR (TC)
1153,ID205077,2022-11,1541.0,CABLE ACCELERATOR (1090 K CNG)
1153,ID301958,2022-11,1869.0,FUEL STRAINER (MAV COWL)
1153,ID309786,2022-11,1632.0,VALVE STEM SEAL
1153,ID334315,2022-11,596.0,MAIN FILTER KIT
1153,IF000504,2022-11,1328.0,"OIL SEAL, FR HUB WHEEL"
1153,IM300205,2022-11,5120.0,EICHER PREMIUM COOLANT
1153,MB293356,2022-11,2300.0,HEX BOLT 12 X1.25 X 30  (10
1153,MB344408,2022-11,4820.0,CLIP TRIM
1153,MB394519,2022-11,1840.0,KNOB INSIDE LOCK
1153,MB486038,2022-11,2120.0,BALL JOINT G/SHF CONT.LINK
1153,ME013536,2022-11,1940.0,GASKET EXHAUST MANIFOLD
1153,ME020244,2022-11,1096.0,CAP VALVE GEAR TRAIN
1153,ME074696,2022-11,2408.0,"SEAL, VALVE STEM"
1153,ME603242,2022-11,1326.0,"ME603242, RING SYNCHRONIZER"
1153,MF140225,2022-11,980.0,BOLT M8x1.25x20
1153,MF434103,2022-11,1200.0,FLANGE NUT M-6
1153,MF434104,2022-11,1640.0,NUT FL. M8X1.25
1153,MF434105,2022-11,1760.0,NUT FL. M10x1.25
1153,MF445086,2022-11,8420.0,NUT SELF LOCKING 12
1153,MF472103,2022-11,2420.0,SPLIT PIN (5X45)
1153,MF472127,2022-11,1700.0,SPLIT PIN
1153,MH001715,2022-11,1870.0,"MH001715, BOLT"
1153,MS602013,2022-11,1540.0,HOSE FUEL 6X110
1153,MS660163,2022-11,1040.0,HOSE CLIP (11.6)
1153,MS660164,2022-11,1080.0,HOSE CLIP (13.1)
1153,ID376839,2022-11,955.0,SERVICE KIT OIL FILTER & O RING
1153,ID329244,2022-11,460.0,VALVE STEM SEAL
1153,IA203036,2022-12,1580.0,"GASKET,REAR AXLE SHAFT (LCV)"
1153,IA203086,2022-12,1540.0,GASKET REAR AXLE SHAFT (HCV)
1153,IA208182,2022-12,1813.0,"CAP, FUEL TANK (HCV)"
1153,IA215142,2022-12,2790.0,"OIL SEAL,HUB REAR OUTER WHEEL"
1153,IA215577,2022-12,4018.0,"OIL SEAL,HUB REAR OUTER WHEEL (MCV)"
1153,IA215578,2022-12,1736.0,OIL SEAL HUB REAR OUTER (HCV)
1153,IA230267,2022-12,2517.0,HUB BOLT KIT REAR 10.90
1153,IA301086,2022-12,3098.0,WHEEL NUT ASSY (HCV/MAV)(SIZE- A/F - 32)
1153,IA329978,2022-12,1834.0,PLASTIC CLIP.
1153,IB002922,2022-12,2680.0,ELEMENT KIT OIL FILTER
1153,IB999501,2022-12,2478.0,GEAR BOX BUSHING KIT
1153,IB999850,2022-12,6312.0,FILTER SET E483
1153,ID201024,2022-12,2821.0,BY PASS FILTER
1153,ID202167,2022-12,1610.0,CAP RADIATOR (TC)
1153,ID205077,2022-12,2130.0,CABLE ACCELERATOR (1090 K CNG)
1153,ID301958,2022-12,2074.0,FUEL STRAINER (MAV COWL)
1153,ID309786,2022-12,2072.0,VALVE STEM SEAL
1153,ID334315,2022-12,1012.0,MAIN FILTER KIT
1153,IF000504,2022-12,1914.0,"OIL SEAL, FR HUB WHEEL"
1153,IM300205,2022-12,5040.0,EICHER PREMIUM COOLANT
1153,MB293356,2022-12,3650.0,HEX BOLT 12 X1.25 X 30  (10
1153,MB344408,2022-12,6200.0,CLIP TRIM
1153,MB394519,2022-12,1760.0,KNOB INSIDE LOCK
1153,MB486038,2022-12,3420.0,BALL JOINT G/SHF CONT.LINK
1153,ME013536,2022-12,2308.0,GASKET EXHAUST MANIFOLD
1153,ME020244,2022-12,1592.0,CAP VALVE GEAR TRAIN
1153,ME074696,2022-12,3312.0,"SEAL, VALVE STEM"
1153,ME603242,2022-12,1463.0,"ME603242, RING SYNCHRONIZER"
1153,MF140225,2022-12,1420.0,BOLT M8x1.25x20
1153,MF434103,2022-12,1460.0,FLANGE NUT M-6
1153,MF434104,2022-12,2540.0,NUT FL. M8X1.25
1153,MF434105,2022-12,2580.0,NUT FL. M10x1.25
1153,MF445086,2022-12,8960.0,NUT SELF LOCKING 12
1153,MF472103,2022-12,2440.0,SPLIT PIN (5X45)
1153,MF472127,2022-12,1420.0,SPLIT PIN
1153,MH001715,2022-12,1850.0,"MH001715, BOLT"
1153,MS602013,2022-12,2110.0,HOSE FUEL 6X110
1153,MS660163,2022-12,1580.0,HOSE CLIP (11.6)
1153,MS660164,2022-12,1420.0,HOSE CLIP (13.1)
1153,ID376839,2022-12,1167.0,SERVICE KIT OIL FILTER & O RING
1153,ID329244,2022-12,660.0,VALVE STEM SEAL
1153,IA203036,2023-01,1380.0,"GASKET,REAR AXLE SHAFT (LCV)"
1153,IA203086,2023-01,1640.0,GASKET REAR AXLE SHAFT (HCV)
1153,IA208182,2023-01,1452.0,"CAP, FUEL TANK (HCV)"
1153,IA215142,2023-01,4134.0,"OIL SEAL,HUB REAR OUTER WHEEL"
1153,IA215577,2023-01,3583.0,"OIL SEAL,HUB REAR OUTER WHEEL (MCV)"
1153,IA215578,2023-01,1333.0,OIL SEAL HUB REAR OUTER (HCV)
1153,IA230267,2023-01,812.0,HUB BOLT KIT REAR 10.90
1153,IA301086,2023-01,1560.0,WHEEL NUT ASSY (HCV/MAV)(SIZE- A/F - 32)
1153,IA329978,2023-01,910.0,PLASTIC CLIP.
1153,IB002922,2023-01,2052.0,ELEMENT KIT OIL FILTER
1153,IB999501,2023-01,1641.0,GEAR BOX BUSHING KIT
1153,IB999850,2023-01,6317.0,FILTER SET E483
1153,ID201024,2023-01,1978.0,BY PASS FILTER
1153,ID202167,2023-01,1118.0,CAP RADIATOR (TC)
1153,ID205077,2023-01,1365.0,CABLE ACCELERATOR (1090 K CNG)
1153,ID301958,2023-01,1853.0,FUEL STRAINER (MAV COWL)
1153,ID309786,2023-01,1064.0,VALVE STEM SEAL
1153,ID334315,2023-01,684.0,MAIN FILTER KIT
1153,IF000504,2023-01,3006.0,"OIL SEAL, FR HUB WHEEL"
1153,IM300205,2023-01,4960.0,EICHER PREMIUM COOLANT
1153,MB293356,2023-01,3110.0,HEX BOLT 12 X1.25 X 30  (10
1153,MB344408,2023-01,3460.0,CLIP TRIM
1153,MB394519,2023-01,1780.0,KNOB INSIDE LOCK
1153,MB486038,2023-01,2200.0,BALL JOINT G/SHF CONT.LINK
1153,ME013536,2023-01,1708.0,GASKET EXHAUST MANIFOLD
1153,ME020244,2023-01,1536.0,CAP VALVE GEAR TRAIN
1153,ME074696,2023-01,2544.0,"SEAL, VALVE STEM"
1153,ME603242,2023-01,2250.0,"ME603242, RING SYNCHRONIZER"
1153,MF140225,2023-01,1940.0,BOLT M8x1.25x20
1153,MF434103,2023-01,3520.0,FLANGE NUT M-6
1153,MF434104,2023-01,2260.0,NUT FL. M8X1.25
1153,MF434105,2023-01,2120.0,NUT FL. M10x1.25
1153,MF445086,2023-01,6900.0,NUT SELF LOCKING 12
1153,MF472103,2023-01,4240.0,SPLIT PIN (5X45)
1153,MF472127,2023-01,1240.0,SPLIT PIN
1153,MH001715,2023-01,1310.0,"MH001715, BOLT"
1153,MS602013,2023-01,2120.0,HOSE FUEL 6X110
1153,MS660163,2023-01,1800.0,HOSE CLIP (11.6)
1153,MS660164,2023-01,1840.0,HOSE CLIP (13.1)
1153,ID376839,2023-01,754.0,SERVICE KIT OIL FILTER & O RING
1153,ID329244,2023-01,790.0,VALVE STEM SEAL
1153,IA203036,2023-02,1420.0,"GASKET,REAR AXLE SHAFT (LCV)"
1153,IA203086,2023-02,2050.0,GASKET REAR AXLE SHAFT (HCV)
1153,IA208182,2023-02,1508.0,"CAP, FUEL TANK (HCV)"
1153,IA215142,2023-02,1866.0,"OIL SEAL,HUB REAR OUTER WHEEL"
1153,IA215577,2023-02,2525.0,"OIL SEAL,HUB REAR OUTER WHEEL (MCV)"
1153,IA215578,2023-02,1651.0,OIL SEAL HUB REAR OUTER (HCV)
1153,IA230267,2023-02,1306.0,HUB BOLT KIT REAR 10.90
1153,IA301086,2023-02,1520.0,WHEEL NUT ASSY (HCV/MAV)(SIZE- A/F - 32)
1153,IA329978,2023-02,1624.0,PLASTIC CLIP.
1153,IB002922,2023-02,2177.0,ELEMENT KIT OIL FILTER
1153,IB999501,2023-02,1161.0,GEAR BOX BUSHING KIT
1153,IB999850,2023-02,4748.0,FILTER SET E483
1153,ID201024,2023-02,2201.0,BY PASS FILTER
1153,ID202167,2023-02,1313.0,CAP RADIATOR (TC)
1153,ID205077,2023-02,1487.0,CABLE ACCELERATOR (1090 K CNG)
1153,ID301958,2023-02,1782.0,FUEL STRAINER (MAV COWL)
1153,ID309786,2023-02,1744.0,VALVE STEM SEAL
1153,ID334315,2023-02,744.0,MAIN FILTER KIT
1153,IF000504,2023-02,1074.0,"OIL SEAL, FR HUB WHEEL"
1153,IM300205,2023-02,6280.0,EICHER PREMIUM COOLANT
1153,MB293356,2023-02,2530.0,HEX BOLT 12 X1.25 X 30  (10
1153,MB344408,2023-02,4880.0,CLIP TRIM
1153,MB394519,2023-02,1740.0,KNOB INSIDE LOCK
1153,MB486038,2023-02,2550.0,BALL JOINT G/SHF CONT.LINK
1153,ME013536,2023-02,1680.0,GASKET EXHAUST MANIFOLD
1153,ME020244,2023-02,1384.0,CAP VALVE GEAR TRAIN
1153,ME074696,2023-02,3504.0,"SEAL, VALVE STEM"
1153,ME603242,2023-02,1532.0,"ME603242, RING SYNCHRONIZER"
1153,MF140225,2023-02,1360.0,BOLT M8x1.25x20
1153,MF434103,2023-02,1600.0,FLANGE NUT M-6
1153,MF434104,2023-02,2400.0,NUT FL. M8X1.25
1153,MF434105,2023-02,2920.0,NUT FL. M10x1.25
1153,MF445086,2023-02,7700.0,NUT SELF LOCKING 12
1153,MF472103,2023-02,2820.0,SPLIT PIN (5X45)
1153,MF472127,2023-02,1960.0,SPLIT PIN
1153,MH001715,2023-02,1730.0,"MH001715, BOLT"
1153,MS602013,2023-02,1280.0,HOSE FUEL 6X110
1153,MS660163,2023-02,1680.0,HOSE CLIP (11.6)
1153,MS660164,2023-02,2140.0,HOSE CLIP (13.1)
1153,ID376839,2023-02,1086.0,SERVICE KIT OIL FILTER & O RING
1153,ID329244,2023-02,670.0,VALVE STEM SEAL
1153,IA203036,2023-03,1580.0,"GASKET,REAR AXLE SHAFT (LCV)"
1153,IA203086,2023-03,1540.0,GASKET REAR AXLE SHAFT (HCV)
1153,IA208182,2023-03,1793.0,"CAP, FUEL TANK (HCV)"
1153,IA215142,2023-03,2510.0,"OIL SEAL,HUB REAR OUTER WHEEL"
1153,IA215577,2023-03,3397.0,"OIL SEAL,HUB REAR OUTER WHEEL (MCV)"
1153,IA215578,2023-03,1530.0,OIL SEAL HUB REAR OUTER (HCV)
1153,IA230267,2023-03,2345.0,HUB BOLT KIT REAR 10.90
1153,IA301086,2023-03,2760.0,WHEEL NUT ASSY (HCV/MAV)(SIZE- A/F - 32)
1153,IA329978,2023-03,1330.0,PLASTIC CLIP.
1153,IB002922,2023-03,2255.0,ELEMENT KIT OIL FILTER
1153,IB999501,2023-03,1740.0,GEAR BOX BUSHING KIT
1153,IB999850,2023-03,6007.0,FILTER SET E483
1153,ID201024,2023-03,2599.0,BY PASS FILTER
1153,ID202167,2023-03,1656.0,CAP RADIATOR (TC)
1153,ID205077,2023-03,1517.0,CABLE ACCELERATOR (1090 K CNG)
1153,ID301958,2023-03,1897.0,FUEL STRAINER (MAV COWL)
1153,ID309786,2023-03,2760.0,VALVE STEM SEAL
1153,ID334315,2023-03,889.0,MAIN FILTER KIT
1153,IF000504,2023-03,1718.0,"OIL SEAL, FR HUB WHEEL"
1153,IM300205,2023-03,7200.0,EICHER PREMIUM COOLANT
1153,MB293356,2023-03,1380.0,HEX BOLT 12 X1.25 X 30  (10
1153,MB344408,2023-03,5380.0,CLIP TRIM
1153,MB394519,2023-03,2120.0,KNOB INSIDE LOCK
1153,MB486038,2023-03,2760.0,BALL JOINT G/SHF CONT.LINK
1153,ME013536,2023-03,1772.0,GASKET EXHAUST MANIFOLD
1153,ME020244,2023-03,1616.0,CAP VALVE GEAR TRAIN
1153,ME074696,2023-03,5464.0,"SEAL, VALVE STEM"
1153,ME603242,2023-03,1768.0,"ME603242, RING SYNCHRONIZER"
1153,MF140225,2023-03,1660.0,BOLT M8x1.25x20
1153,MF434103,2023-03,1960.0,FLANGE NUT M-6
1153,MF434104,2023-03,3060.0,NUT FL. M8X1.25
1153,MF434105,2023-03,2820.0,NUT FL. M10x1.25
1153,MF445086,2023-03,7540.0,NUT SELF LOCKING 12
1153,MF472103,2023-03,2540.0,SPLIT PIN (5X45)
1153,MF472127,2023-03,3720.0,SPLIT PIN
1153,MH001715,2023-03,1800.0,"MH001715, BOLT"
1153,MS602013,2023-03,1650.0,HOSE FUEL 6X110
1153,MS660163,2023-03,1700.0,HOSE CLIP (11.6)
1153,MS660164,2023-03,1980.0,HOSE CLIP (13.1)
1153,ID376839,2023-03,1238.0,SERVICE KIT OIL FILTER & O RING
1153,ID329244,2023-03,960.0,VALVE STEM SEAL
1153,IA203036,2023-04,2190.0,"GASKET,REAR AXLE SHAFT (LCV)"
1153,IA203086,2023-04,1510.0,GASKET REAR AXLE SHAFT (HCV)
1153,IA208182,2023-04,1172.0,"CAP, FUEL TANK (HCV)"
1153,IA215142,2023-04,2167.0,"OIL SEAL,HUB REAR OUTER WHEEL"
1153,IA215577,2023-04,3875.0,"OIL SEAL,HUB REAR OUTER WHEEL (MCV)"
1153,IA215578,2023-04,1625.0,OIL SEAL HUB REAR OUTER (HCV)
1153,IA230267,2023-04,1380.0,HUB BOLT KIT REAR 10.90
1153,IA301086,2023-04,1425.0,WHEEL NUT ASSY (HCV/MAV)(SIZE- A/F - 32)
1153,IA329978,2023-04,3024.0,PLASTIC CLIP.
1153,IB002922,2023-04,2129.0,ELEMENT KIT OIL FILTER
1153,IB999501,2023-04,2622.0,GEAR BOX BUSHING KIT
1153,IB999850,2023-04,4448.0,FILTER SET E483
1153,ID201024,2023-04,2044.0,BY PASS FILTER
1153,ID202167,2023-04,1764.0,CAP RADIATOR (TC)
1153,ID205077,2023-04,1945.0,CABLE ACCELERATOR (1090 K CNG)
1153,ID301958,2023-04,2281.0,FUEL STRAINER (MAV COWL)
1153,ID309786,2023-04,2368.0,VALVE STEM SEAL
1153,ID334315,2023-04,865.0,MAIN FILTER KIT
1153,IF000504,2023-04,1891.0,"OIL SEAL, FR HUB WHEEL"
1153,IM300205,2023-04,9064.0,EICHER PREMIUM COOLANT
1153,MB293356,2023-04,2780.0,HEX BOLT 12 X1.25 X 30  (10
1153,MB344408,2023-04,4800.0,CLIP TRIM
1153,MB394519,2023-04,2040.0,KNOB INSIDE LOCK
1153,MB486038,2023-04,2840.0,BALL JOINT G/SHF CONT.LINK
1153,ME013536,2023-04,3116.0,GASKET EXHAUST MANIFOLD
1153,ME020244,2023-04,1984.0,CAP VALVE GEAR TRAIN
1153,ME074696,2023-04,3072.0,"SEAL, VALVE STEM"
1153,ME603242,2023-04,1931.0,"ME603242, RING SYNCHRONIZER"
1153,MF140225,2023-04,1940.0,BOLT M8x1.25x20
1153,MF434103,2023-04,1980.0,FLANGE NUT M-6
1153,MF434104,2023-04,2560.0,NUT FL. M8X1.25
1153,MF434105,2023-04,2460.0,NUT FL. M10x1.25
1153,MF445086,2023-04,8965.0,NUT SELF LOCKING 12
1153,MF472103,2023-04,4000.0,SPLIT PIN (5X45)
1153,MF472127,2023-04,2560.0,SPLIT PIN
1153,MH001715,2023-04,1760.0,"MH001715, BOLT"
1153,MS602013,2023-04,2710.0,HOSE FUEL 6X110
1153,MS660163,2023-04,1380.0,HOSE CLIP (11.6)
1153,MS660164,2023-04,2160.0,HOSE CLIP (13.1)
1153,ID376839,2023-04,1343.0,SERVICE KIT OIL FILTER & O RING
1153,ID329244,2023-04,960.0,VALVE STEM SEAL
1153,IA203036,2023-05,2400.0,"GASKET,REAR AXLE SHAFT (LCV)"
1153,IA203086,2023-05,1250.0,GASKET REAR AXLE SHAFT (HCV)
1153,IA208182,2023-05,1793.0,"CAP, FUEL TANK (HCV)"
1153,IA215142,2023-05,3798.0,"OIL SEAL,HUB REAR OUTER WHEEL"
1153,IA215577,2023-05,4637.0,"OIL SEAL,HUB REAR OUTER WHEEL (MCV)"
1153,IA215578,2023-05,1485.0,OIL SEAL HUB REAR OUTER (HCV)
1153,IA230267,2023-05,1579.0,HUB BOLT KIT REAR 10.90
1153,IA301086,2023-05,2115.0,WHEEL NUT ASSY (HCV/MAV)(SIZE- A/F - 32)
1153,IA329978,2023-05,1386.0,PLASTIC CLIP.
1153,IB002922,2023-05,2892.0,ELEMENT KIT OIL FILTER
1153,IB999501,2023-05,1360.0,GEAR BOX BUSHING KIT
1153,IB999850,2023-05,4770.0,FILTER SET E483
1153,ID201024,2023-05,3177.0,BY PASS FILTER
1153,ID202167,2023-05,1548.0,CAP RADIATOR (TC)
1153,ID205077,2023-05,1726.0,CABLE ACCELERATOR (1090 K CNG)
1153,ID301958,2023-05,2412.0,FUEL STRAINER (MAV COWL)
1153,ID309786,2023-05,2032.0,VALVE STEM SEAL
1153,ID334315,2023-05,1140.0,MAIN FILTER KIT
1153,IF000504,2023-05,3183.0,"OIL SEAL, FR HUB WHEEL"
1153,IM300205,2023-05,7486.0,EICHER PREMIUM COOLANT
1153,MB293356,2023-05,2740.0,HEX BOLT 12 X1.25 X 30  (10
1153,MB344408,2023-05,2800.0,CLIP TRIM
1153,MB394519,2023-05,1080.0,KNOB INSIDE LOCK
1153,MB486038,2023-05,1990.0,BALL JOINT G/SHF CONT.LINK
1153,ME013536,2023-05,1772.0,GASKET EXHAUST MANIFOLD
1153,ME020244,2023-05,1536.0,CAP VALVE GEAR TRAIN
1153,ME074696,2023-05,4208.0,"SEAL, VALVE STEM"
1153,ME603242,2023-05,1319.0,"ME603242, RING SYNCHRONIZER"
1153,MF140225,2023-05,2620.0,BOLT M8x1.25x20
1153,MF434103,2023-05,3020.0,FLANGE NUT M-6
1153,MF434104,2023-05,3480.0,NUT FL. M8X1.25
1153,MF434105,2023-05,3240.0,NUT FL. M10x1.25
1153,MF445086,2023-05,13200.0,NUT SELF LOCKING 12
1153,MF472103,2023-05,3560.0,SPLIT PIN (5X45)
1153,MF472127,2023-05,2420.0,SPLIT PIN
1153,MH001715,2023-05,1870.0,"MH001715, BOLT"
1153,MS602013,2023-05,1910.0,HOSE FUEL 6X110
1153,MS660163,2023-05,1640.0,HOSE CLIP (11.6)
1153,MS660164,2023-05,1900.0,HOSE CLIP (13.1)
1153,ID376839,2023-05,1495.0,SERVICE KIT OIL FILTER & O RING
1153,ID329244,2023-05,890.0,VALVE STEM SEAL
1153,IA203036,2023-06,1730.0,"GASKET,REAR AXLE SHAFT (LCV)"
1153,IA203086,2023-06,1500.0,GASKET REAR AXLE SHAFT (HCV)
1153,IA208182,2023-06,1667.0,"CAP, FUEL TANK (HCV)"
1153,IA215142,2023-06,2545.0,"OIL SEAL,HUB REAR OUTER WHEEL"
1153,IA215577,2023-06,1959.0,"OIL SEAL,HUB REAR OUTER WHEEL (MCV)"
1153,IA215578,2023-06,1605.0,OIL SEAL HUB REAR OUTER (HCV)
1153,IA230267,2023-06,1592.0,HUB BOLT KIT REAR 10.90
1153,IA301086,2023-06,1560.0,WHEEL NUT ASSY (HCV/MAV)(SIZE- A/F - 32)
1153,IA329978,2023-06,1792.0,PLASTIC CLIP.
1153,IB002922,2023-06,2267.0,ELEMENT KIT OIL FILTER
1153,IB999501,2023-06,1910.0,GEAR BOX BUSHING KIT
1153,IB999850,2023-06,4820.0,FILTER SET E483
1153,ID201024,2023-06,2397.0,BY PASS FILTER
1153,ID202167,2023-06,1792.0,CAP RADIATOR (TC)
1153,ID205077,2023-06,1429.0,CABLE ACCELERATOR (1090 K CNG)
1153,ID301958,2023-06,1615.0,FUEL STRAINER (MAV COWL)
1153,ID309786,2023-06,1888.0,VALVE STEM SEAL
1153,ID334315,2023-06,842.0,MAIN FILTER KIT
1153,IF000504,2023-06,1996.0,"OIL SEAL, FR HUB WHEEL"
1153,IM300205,2023-06,6660.0,EICHER PREMIUM COOLANT
1153,MB293356,2023-06,2730.0,HEX BOLT 12 X1.25 X 30  (10
1153,MB344408,2023-06,3860.0,CLIP TRIM
1153,MB394519,2023-06,2400.0,KNOB INSIDE LOCK
1153,MB486038,2023-06,2450.0,BALL JOINT G/SHF CONT.LINK
1153,ME013536,2023-06,2080.0,GASKET EXHAUST MANIFOLD
1153,ME020244,2023-06,1312.0,CAP VALVE GEAR TRAIN
1153,ME074696,2023-06,3144.0,"SEAL, VALVE STEM"
1153,ME603242,2023-06,1597.0,"ME603242, RING SYNCHRONIZER"
1153,MF140225,2023-06,2440.0,BOLT M8x1.25x20
1153,MF434103,2023-06,2300.0,FLANGE NUT M-6
1153,MF434104,2023-06,3060.0,NUT FL. M8X1.25
1153,MF434105,2023-06,2560.0,NUT FL. M10x1.25
1153,MF445086,2023-06,7560.0,NUT SELF LOCKING 12
1153,MF472103,2023-06,3960.0,SPLIT PIN (5X45)
1153,MF472127,2023-06,2700.0,SPLIT PIN
1153,MH001715,2023-06,1940.0,"MH001715, BOLT"
1153,MS602013,2023-06,2058.0,HOSE FUEL 6X110
1153,MS660163,2023-06,2500.0,HOSE CLIP (11.6)
1153,MS660164,2023-06,1920.0,HOSE CLIP (13.1)
1153,ID376839,2023-06,1481.0,SERVICE KIT OIL FILTER & O RING
1153,ID329244,2023-06,1060.0,VALVE STEM SEAL
1153,IA203036,2023-07,1180.0,"GASKET,REAR AXLE SHAFT (LCV)"
1153,IA203086,2023-07,1960.0,GASKET REAR AXLE SHAFT (HCV)
1153,IA208182,2023-07,1199.0,"CAP, FUEL TANK (HCV)"
1153,IA215142,2023-07,1387.0,"OIL SEAL,HUB REAR OUTER WHEEL"
1153,IA215577,2023-07,1129.0,"OIL SEAL,HUB REAR OUTER WHEEL (MCV)"
1153,IA215578,2023-07,1384.0,OIL SEAL HUB REAR OUTER (HCV)
1153,IA230267,2023-07,1379.0,HUB BOLT KIT REAR 10.90
1153,IA301086,2023-07,2015.0,WHEEL NUT ASSY (HCV/MAV)(SIZE- A/F - 32)
1153,IA329978,2023-07,952.0,PLASTIC CLIP.
1153,IB002922,2023-07,1872.0,ELEMENT KIT OIL FILTER
1153,IB999501,2023-07,1434.0,GEAR BOX BUSHING KIT
1153,IB999850,2023-07,4061.0,FILTER SET E483
1153,ID201024,2023-07,1967.0,BY PASS FILTER
1153,ID202167,2023-07,841.0,CAP RADIATOR (TC)
1153,ID205077,2023-07,1612.0,CABLE ACCELERATOR (1090 K CNG)
1153,ID301958,2023-07,1494.0,FUEL STRAINER (MAV COWL)
1153,ID309786,2023-07,1344.0,VALVE STEM SEAL
1153,ID334315,2023-07,988.0,MAIN FILTER KIT
1153,IF000504,2023-07,1128.0,"OIL SEAL, FR HUB WHEEL"
1153,IM300205,2023-07,4600.0,EICHER PREMIUM COOLANT
1153,MB293356,2023-07,2130.0,HEX BOLT 12 X1.25 X 30  (10
1153,MB344408,2023-07,3160.0,CLIP TRIM
1153,MB394519,2023-07,1240.0,KNOB INSIDE LOCK
1153,MB486038,2023-07,1810.0,BALL JOINT G/SHF CONT.LINK
1153,ME013536,2023-07,1580.0,GASKET EXHAUST MANIFOLD
1153,ME020244,2023-07,1208.0,CAP VALVE GEAR TRAIN
1153,ME074696,2023-07,4344.0,"SEAL, VALVE STEM"
1153,ME603242,2023-07,847.0,"ME603242, RING SYNCHRONIZER"
1153,MF140225,2023-07,1300.0,BOLT M8x1.25x20
1153,MF434103,2023-07,1480.0,FLANGE NUT M-6
1153,MF434104,2023-07,2200.0,NUT FL. M8X1.25
1153,MF434105,2023-07,1850.0,NUT FL. M10x1.25
1153,MF445086,2023-07,5780.0,NUT SELF LOCKING 12
1153,MF472103,2023-07,700.0,SPLIT PIN (5X45)
1153,MF472127,2023-07,1130.0,SPLIT PIN
1153,MH001715,2023-07,1070.0,"MH001715, BOLT"
1153,MS602013,2023-07,1230.0,HOSE FUEL 6X110
1153,MS660163,2023-07,1610.0,HOSE CLIP (11.6)
1153,MS660164,2023-07,2670.0,HOSE CLIP (13.1)
1153,ID376839,2023-07,1236.0,SERVICE KIT OIL FILTER & O RING
1153,ID329244,2023-07,1250.0,VALVE STEM SEAL
1153,IA203036,2023-08,1550.0,"GASKET,REAR AXLE SHAFT (LCV)"
1153,IA203086,2023-08,2120.0,GASKET REAR AXLE SHAFT (HCV)
1153,IA208182,2023-08,1601.0,"CAP, FUEL TANK (HCV)"
1153,IA215142,2023-08,1888.0,"OIL SEAL,HUB REAR OUTER WHEEL"
1153,IA215577,2023-08,2829.0,"OIL SEAL,HUB REAR OUTER WHEEL (MCV)"
1153,IA215578,2023-08,1730.0,OIL SEAL HUB REAR OUTER (HCV)
1153,IA230267,2023-08,1965.0,HUB BOLT KIT REAR 10.90
1153,IA301086,2023-08,1605.0,WHEEL NUT ASSY (HCV/MAV)(SIZE- A/F - 32)
1153,IA329978,2023-08,2100.0,PLASTIC CLIP.
1153,IB002922,2023-08,2145.0,ELEMENT KIT OIL FILTER
1153,IB999501,2023-08,1826.0,GEAR BOX BUSHING KIT
1153,IB999850,2023-08,4339.0,FILTER SET E483
1153,ID201024,2023-08,2176.0,BY PASS FILTER
1153,ID202167,2023-08,1391.0,CAP RADIATOR (TC)
1153,ID205077,2023-08,1831.0,CABLE ACCELERATOR (1090 K CNG)
1153,ID301958,2023-08,1762.0,FUEL STRAINER (MAV COWL)
1153,ID309786,2023-08,1976.0,VALVE STEM SEAL
1153,ID334315,2023-08,1080.0,MAIN FILTER KIT
1153,IF000504,2023-08,1206.0,"OIL SEAL, FR HUB WHEEL"
1153,IM300205,2023-08,7860.0,EICHER PREMIUM COOLANT
1153,MB293356,2023-08,2340.0,HEX BOLT 12 X1.25 X 30  (10
1153,MB344408,2023-08,5240.0,CLIP TRIM
1153,MB394519,2023-08,1620.0,KNOB INSIDE LOCK
1153,MB486038,2023-08,1790.0,BALL JOINT G/SHF CONT.LINK
1153,ME013536,2023-08,2820.0,GASKET EXHAUST MANIFOLD
1153,ME020244,2023-08,1616.0,CAP VALVE GEAR TRAIN
1153,ME074696,2023-08,5288.0,"SEAL, VALVE STEM"
1153,ME603242,2023-08,1037.0,"ME603242, RING SYNCHRONIZER"
1153,MF140225,2023-08,2180.0,BOLT M8x1.25x20
1153,MF434103,2023-08,1550.0,FLANGE NUT M-6
1153,MF434104,2023-08,2510.0,NUT FL. M8X1.25
1153,MF434105,2023-08,2310.0,NUT FL. M10x1.25
1153,MF445086,2023-08,6460.0,NUT SELF LOCKING 12
1153,MF472103,2023-08,3790.0,SPLIT PIN (5X45)
1153,MF472127,2023-08,2220.0,SPLIT PIN
1153,MH001715,2023-08,2060.0,"MH001715, BOLT"
1153,MS602013,2023-08,2500.0,HOSE FUEL 6X110
1153,MS660163,2023-08,2370.0,HOSE CLIP (11.6)
1153,MS660164,2023-08,1530.0,HOSE CLIP (13.1)
1153,ID376839,2023-08,1248.0,SERVICE KIT OIL FILTER & O RING
1153,ID329244,2023-08,1340.0,VALVE STEM SEAL
1153,IA203036,2023-09,1120.0,"GASKET,REAR AXLE SHAFT (LCV)"
1153,IA203086,2023-09,1300.0,GASKET REAR AXLE SHAFT (HCV)
1153,IA208182,2023-09,1425.0,"CAP, FUEL TANK (HCV)"
1153,IA215142,2023-09,2034.0,"OIL SEAL,HUB REAR OUTER WHEEL"
1153,IA215577,2023-09,3531.0,"OIL SEAL,HUB REAR OUTER WHEEL (MCV)"
1153,IA215578,2023-09,1538.0,OIL SEAL HUB REAR OUTER (HCV)
1153,IA230267,2023-09,2124.0,HUB BOLT KIT REAR 10.90
1153,IA301086,2023-09,2100.0,WHEEL NUT ASSY (HCV/MAV)(SIZE- A/F - 32)
1153,IA329978,2023-09,1770.0,PLASTIC CLIP.
1153,IB002922,2023-09,2148.0,ELEMENT KIT OIL FILTER
1153,IB999501,2023-09,1600.0,GEAR BOX BUSHING KIT
1153,IB999850,2023-09,5628.0,FILTER SET E483
1153,ID201024,2023-09,2130.0,BY PASS FILTER
1153,ID202167,2023-09,1258.0,CAP RADIATOR (TC)
1153,ID205077,2023-09,1892.0,CABLE ACCELERATOR (1090 K CNG)
1153,ID301958,2023-09,1849.0,FUEL STRAINER (MAV COWL)
1153,ID309786,2023-09,1344.0,VALVE STEM SEAL
1153,ID334315,2023-09,993.0,MAIN FILTER KIT
1153,IF000504,2023-09,1504.0,"OIL SEAL, FR HUB WHEEL"
1153,IM300205,2023-09,4040.0,EICHER PREMIUM COOLANT
1153,MB293356,2023-09,3260.0,HEX BOLT 12 X1.25 X 30  (10
1153,MB344408,2023-09,4040.0,CLIP TRIM
1153,MB394519,2023-09,1140.0,KNOB INSIDE LOCK
1153,MB486038,2023-09,3370.0,BALL JOINT G/SHF CONT.LINK
1153,ME013536,2023-09,1288.0,GASKET EXHAUST MANIFOLD
1153,ME020244,2023-09,1680.0,CAP VALVE GEAR TRAIN
1153,ME074696,2023-09,3904.0,"SEAL, VALVE STEM"
1153,ME603242,2023-09,1785.0,"ME603242, RING SYNCHRONIZER"
1153,MF140225,2023-09,2220.0,BOLT M8x1.25x20
1153,MF434103,2023-09,1710.0,FLANGE NUT M-6
1153,MF434104,2023-09,2700.0,NUT FL. M8X1.25
1153,MF434105,2023-09,2070.0,NUT FL. M10x1.25
1153,MF445086,2023-09,8820.0,NUT SELF LOCKING 12
1153,MF472103,2023-09,2250.0,SPLIT PIN (5X45)
1153,MF472127,2023-09,1560.0,SPLIT PIN
1153,MH001715,2023-09,2370.0,"MH001715, BOLT"
1153,MS602013,2023-09,2090.0,HOSE FUEL 6X110
1153,MS660163,2023-09,2190.0,HOSE CLIP (11.6)
1153,MS660164,2023-09,1170.0,HOSE CLIP (13.1)
1153,ID376839,2023-09,1353.0,SERVICE KIT OIL FILTER & O RING
1153,ID329244,2023-09,880.0,VALVE STEM SEAL
1153,IA203036,2023-10,1050.0,"GASKET,REAR AXLE SHAFT (LCV)"
1153,IA203086,2023-10,2160.0,GASKET REAR AXLE SHAFT (HCV)
1153,IA208182,2023-10,1547.0,"CAP, FUEL TANK (HCV)"
1153,IA215142,2023-10,1790.0,"OIL SEAL,HUB REAR OUTER WHEEL"
1153,IA215577,2023-10,1996.0,"OIL SEAL,HUB REAR OUTER WHEEL (MCV)"
1153,IA215578,2023-10,1592.0,OIL SEAL HUB REAR OUTER (HCV)
1153,IA230267,2023-10,1468.0,HUB BOLT KIT REAR 10.90
1153,IA301086,2023-10,2090.0,WHEEL NUT ASSY (HCV/MAV)(SIZE- A/F - 32)
1153,IA329978,2023-10,1470.0,PLASTIC CLIP.
1153,IB002922,2023-10,1549.0,ELEMENT KIT OIL FILTER
1153,IB999501,2023-10,1621.0,GEAR BOX BUSHING KIT
1153,IB999850,2023-10,4531.0,FILTER SET E483
1153,ID201024,2023-10,1875.0,BY PASS FILTER
1153,ID202167,2023-10,1250.0,CAP RADIATOR (TC)
1153,ID205077,2023-10,1665.0,CABLE ACCELERATOR (1090 K CNG)
1153,ID301958,2023-10,1364.0,FUEL STRAINER (MAV COWL)
1153,ID309786,2023-10,1808.0,VALVE STEM SEAL
1153,ID334315,2023-10,1153.0,MAIN FILTER KIT
1153,IF000504,2023-10,1160.0,"OIL SEAL, FR HUB WHEEL"
1153,IM300205,2023-10,5780.0,EICHER PREMIUM COOLANT
1153,MB293356,2023-10,3440.0,HEX BOLT 12 X1.25 X 30  (10
1153,MB344408,2023-10,4540.0,CLIP TRIM
1153,MB394519,2023-10,1620.0,KNOB INSIDE LOCK
1153,MB486038,2023-10,1470.0,BALL JOINT G/SHF CONT.LINK
1153,ME013536,2023-10,2072.0,GASKET EXHAUST MANIFOLD
1153,ME020244,2023-10,1552.0,CAP VALVE GEAR TRAIN
1153,ME074696,2023-10,3592.0,"SEAL, VALVE STEM"
1153,ME603242,2023-10,2195.0,"ME603242, RING SYNCHRONIZER"
1153,MF140225,2023-10,1500.0,BOLT M8x1.25x20
1153,MF434103,2023-10,1140.0,FLANGE NUT M-6
1153,MF434104,2023-10,2100.0,NUT FL. M8X1.25
1153,MF434105,2023-10,2190.0,NUT FL. M10x1.25
1153,MF445086,2023-10,7920.0,NUT SELF LOCKING 12
1153,MF472103,2023-10,2100.0,SPLIT PIN (5X45)
1153,MF472127,2023-10,1740.0,SPLIT PIN
1153,MH001715,2023-10,2580.0,"MH001715, BOLT"
1153,MS602013,2023-10,1260.0,HOSE FUEL 6X110
1153,MS660163,2023-10,1260.0,HOSE CLIP (11.6)
1153,MS660164,2023-10,1890.0,HOSE CLIP (13.1)
1153,ID376839,2023-10,1198.0,SERVICE KIT OIL FILTER & O RING
1153,ID329244,2023-10,1100.0,VALVE STEM SEAL
1153,IA203036,2023-11,1270.0,"GASKET,REAR AXLE SHAFT (LCV)"
1153,IA203086,2023-11,2330.0,GASKET REAR AXLE SHAFT (HCV)
1153,IA208182,2023-11,1613.0,"CAP, FUEL TANK (HCV)"
1153,IA215142,2023-11,2193.0,"OIL SEAL,HUB REAR OUTER WHEEL"
1153,IA215577,2023-11,1728.0,"OIL SEAL,HUB REAR OUTER WHEEL (MCV)"
1153,IA215578,2023-11,1760.0,OIL SEAL HUB REAR OUTER (HCV)
1153,IA230267,2023-11,1754.0,HUB BOLT KIT REAR 10.90
1153,IA301086,2023-11,1530.0,WHEEL NUT ASSY (HCV/MAV)(SIZE- A/F - 32)
1153,IA329978,2023-11,1200.0,PLASTIC CLIP.
1153,IB002922,2023-11,2125.0,ELEMENT KIT OIL FILTER
1153,IB999501,2023-11,1361.0,GEAR BOX BUSHING KIT
1153,IB999850,2023-11,4567.0,FILTER SET E483
1153,ID201024,2023-11,2224.0,BY PASS FILTER
1153,ID202167,2023-11,880.0,CAP RADIATOR (TC)
1153,ID205077,2023-11,1912.0,CABLE ACCELERATOR (1090 K CNG)
1153,ID301958,2023-11,1576.0,FUEL STRAINER (MAV COWL)
1153,ID309786,2023-11,1920.0,VALVE STEM SEAL
1153,ID334315,2023-11,1351.0,MAIN FILTER KIT
1153,IF000504,2023-11,1345.0,"OIL SEAL, FR HUB WHEEL"
1153,IM300205,2023-11,6460.0,EICHER PREMIUM COOLANT
1153,MB293356,2023-11,3100.0,HEX BOLT 12 X1.25 X 30  (10
1153,MB344408,2023-11,5060.0,CLIP TRIM
1153,MB394519,2023-11,1500.0,KNOB INSIDE LOCK
1153,MB486038,2023-11,1870.0,BALL JOINT G/SHF CONT.LINK
1153,ME013536,2023-11,2524.0,GASKET EXHAUST MANIFOLD
1153,ME020244,2023-11,1744.0,CAP VALVE GEAR TRAIN
1153,ME074696,2023-11,5152.0,"SEAL, VALVE STEM"
1153,ME603242,2023-11,1650.0,"ME603242, RING SYNCHRONIZER"
1153,MF140225,2023-11,1980.0,BOLT M8x1.25x20
1153,MF434103,2023-11,1830.0,FLANGE NUT M-6
1153,MF434104,2023-11,3000.0,NUT FL. M8X1.25
1153,MF434105,2023-11,2850.0,NUT FL. M10x1.25
1153,MF445086,2023-11,8640.0,NUT SELF LOCKING 12
1153,MF472103,2023-11,2250.0,SPLIT PIN (5X45)
1153,MF472127,2023-11,1800.0,SPLIT PIN
1153,MH001715,2023-11,2430.0,"MH001715, BOLT"
1153,MS602013,2023-11,1690.0,HOSE FUEL 6X110
1153,MS660163,2023-11,870.0,HOSE CLIP (11.6)
1153,MS660164,2023-11,1290.0,HOSE CLIP (13.1)
1153,ID376839,2023-11,1509.0,SERVICE KIT OIL FILTER & O RING
1153,ID329244,2023-11,1170.0,VALVE STEM SEAL
1153,IA203036,2023-12,1440.0,"GASKET,REAR AXLE SHAFT (LCV)"
1153,IA203086,2023-12,3590.0,GASKET REAR AXLE SHAFT (HCV)
1153,IA208182,2023-12,1671.0,"CAP, FUEL TANK (HCV)"
1153,IA215142,2023-12,2261.0,"OIL SEAL,HUB REAR OUTER WHEEL"
1153,IA215577,2023-12,3517.0,"OIL SEAL,HUB REAR OUTER WHEEL (MCV)"
1153,IA215578,2023-12,1147.0,OIL SEAL HUB REAR OUTER (HCV)
1153,IA230267,2023-12,2177.0,HUB BOLT KIT REAR 10.90
1153,IA301086,2023-12,1960.0,WHEEL NUT ASSY (HCV/MAV)(SIZE- A/F - 32)
1153,IA329978,2023-12,2310.0,PLASTIC CLIP.
1153,IB002922,2023-12,1743.0,ELEMENT KIT OIL FILTER
1153,IB999501,2023-12,2198.0,GEAR BOX BUSHING KIT
1153,IB999850,2023-12,4730.0,FILTER SET E483
1153,ID201024,2023-12,2376.0,BY PASS FILTER
1153,ID202167,2023-12,1434.0,CAP RADIATOR (TC)
1153,ID205077,2023-12,1940.0,CABLE ACCELERATOR (1090 K CNG)
1153,ID301958,2023-12,1790.0,FUEL STRAINER (MAV COWL)
1153,ID309786,2023-12,2096.0,VALVE STEM SEAL
1153,ID334315,2023-12,1453.0,MAIN FILTER KIT
1153,IF000504,2023-12,1522.0,"OIL SEAL, FR HUB WHEEL"
1153,IM300205,2023-12,7800.0,EICHER PREMIUM COOLANT
1153,MB293356,2023-12,3800.0,HEX BOLT 12 X1.25 X 30  (10
1153,MB344408,2023-12,5480.0,CLIP TRIM
1153,MB394519,2023-12,2080.0,KNOB INSIDE LOCK
1153,MB486038,2023-12,2630.0,BALL JOINT G/SHF CONT.LINK
1153,ME013536,2023-12,1880.0,GASKET EXHAUST MANIFOLD
1153,ME020244,2023-12,1280.0,CAP VALVE GEAR TRAIN
1153,ME074696,2023-12,4728.0,"SEAL, VALVE STEM"
1153,ME603242,2023-12,1739.0,"ME603242, RING SYNCHRONIZER"
1153,MF140225,2023-12,2130.0,BOLT M8x1.25x20
1153,MF434103,2023-12,2100.0,FLANGE NUT M-6
1153,MF434104,2023-12,3390.0,NUT FL. M8X1.25
1153,MF434105,2023-12,2760.0,NUT FL. M10x1.25
1153,MF445086,2023-12,9630.0,NUT SELF LOCKING 12
1153,MF472103,2023-12,2910.0,SPLIT PIN (5X45)
1153,MF472127,2023-12,1740.0,SPLIT PIN
1153,MH001715,2023-12,2100.0,"MH001715, BOLT"
1153,MS602013,2023-12,1590.0,HOSE FUEL 6X110
1153,MS660163,2023-12,1380.0,HOSE CLIP (11.6)
1153,MS660164,2023-12,1680.0,HOSE CLIP (13.1)
1153,ID376839,2023-12,1557.0,SERVICE KIT OIL FILTER & O RING
1153,ID329244,2023-12,1620.0,VALVE STEM SEAL
1153,IA203036,2024-01,930.0,"GASKET,REAR AXLE SHAFT (LCV)"
1153,IA203086,2024-01,2300.0,GASKET REAR AXLE SHAFT (HCV)
1153,IA208182,2024-01,1335.0,"CAP, FUEL TANK (HCV)"
1153,IA215142,2024-01,1143.0,"OIL SEAL,HUB REAR OUTER WHEEL"
1153,IA215577,2024-01,3230.0,"OIL SEAL,HUB REAR OUTER WHEEL (MCV)"
1153,IA215578,2024-01,2387.0,OIL SEAL HUB REAR OUTER (HCV)
1153,IA230267,2024-01,1140.0,HUB BOLT KIT REAR 10.90
1153,IA301086,2024-01,1925.0,WHEEL NUT ASSY (HCV/MAV)(SIZE- A/F - 32)
1153,IA329978,2024-01,1980.0,PLASTIC CLIP.
1153,IB002922,2024-01,1665.0,ELEMENT KIT OIL FILTER
1153,IB999501,2024-01,1585.0,GEAR BOX BUSHING KIT
1153,IB999850,2024-01,4577.0,FILTER SET E483
1153,ID201024,2024-01,2026.0,BY PASS FILTER
1153,ID202167,2024-01,1258.0,CAP RADIATOR (TC)
1153,ID205077,2024-01,1367.0,CABLE ACCELERATOR (1090 K CNG)
1153,ID301958,2024-01,1554.0,FUEL STRAINER (MAV COWL)
1153,ID309786,2024-01,1544.0,VALVE STEM SEAL
1153,ID334315,2024-01,1318.0,MAIN FILTER KIT
1153,IF000504,2024-01,1304.0,"OIL SEAL, FR HUB WHEEL"
1153,IM300205,2024-01,5800.0,EICHER PREMIUM COOLANT
1153,MB293356,2024-01,2110.0,HEX BOLT 12 X1.25 X 30  (10
1153,MB344408,2024-01,3220.0,CLIP TRIM
1153,MB394519,2024-01,1800.0,KNOB INSIDE LOCK
1153,MB486038,2024-01,2110.0,BALL JOINT G/SHF CONT.LINK
1153,ME013536,2024-01,1592.0,GASKET EXHAUST MANIFOLD
1153,ME020244,2024-01,2120.0,CAP VALVE GEAR TRAIN
1153,ME074696,2024-01,5344.0,"SEAL, VALVE STEM"
1153,ME603242,2024-01,1583.0,"ME603242, RING SYNCHRONIZER"
1153,MF140225,2024-01,1980.0,BOLT M8x1.25x20
1153,MF434103,2024-01,1580.0,FLANGE NUT M-6
1153,MF434104,2024-01,2760.0,NUT FL. M8X1.25
1153,MF434105,2024-01,2700.0,NUT FL. M10x1.25
1153,MF445086,2024-01,6770.0,NUT SELF LOCKING 12
1153,MF472103,2024-01,2250.0,SPLIT PIN (5X45)
1153,MF472127,2024-01,1380.0,SPLIT PIN
1153,MH001715,2024-01,1405.0,"MH001715, BOLT"
1153,MS602013,2024-01,1460.0,HOSE FUEL 6X110
1153,MS660163,2024-01,1170.0,HOSE CLIP (11.6)
1153,MS660164,2024-01,1710.0,HOSE CLIP (13.1)
1153,ID376839,2024-01,1409.0,SERVICE KIT OIL FILTER & O RING
1153,ID329244,2024-01,1300.0,VALVE STEM SEAL
1153,IA203036,2024-02,1340.0,"GASKET,REAR AXLE SHAFT (LCV)"
1153,IA203086,2024-02,1300.0,GASKET REAR AXLE SHAFT (HCV)
1153,IA208182,2024-02,1031.0,"CAP, FUEL TANK (HCV)"
1153,IA215142,2024-02,1719.0,"OIL SEAL,HUB REAR OUTER WHEEL"
1153,IA215577,2024-02,2519.0,"OIL SEAL,HUB REAR OUTER WHEEL (MCV)"
1153,IA215578,2024-02,1714.0,OIL SEAL HUB REAR OUTER (HCV)
1153,IA230267,2024-02,1466.0,HUB BOLT KIT REAR 10.90
1153,IA301086,2024-02,2178.0,WHEEL NUT ASSY (HCV/MAV)(SIZE- A/F - 32)
1153,IA329978,2024-02,1230.0,PLASTIC CLIP.
1153,IB002922,2024-02,1980.0,ELEMENT KIT OIL FILTER
1153,IB999501,2024-02,1878.0,GEAR BOX BUSHING KIT
1153,IB999850,2024-02,4042.0,FILTER SET E483
1153,ID201024,2024-02,1835.0,BY PASS FILTER
1153,ID202167,2024-02,1314.0,CAP RADIATOR (TC)
1153,ID205077,2024-02,1479.0,CABLE ACCELERATOR (1090 K CNG)
1153,ID301958,2024-02,1702.0,FUEL STRAINER (MAV COWL)
1153,ID309786,2024-02,3096.0,VALVE STEM SEAL
1153,ID334315,2024-02,1370.0,MAIN FILTER KIT
1153,IF000504,2024-02,1279.0,"OIL SEAL, FR HUB WHEEL"
1153,IM300205,2024-02,7060.0,EICHER PREMIUM COOLANT
1153,MB293356,2024-02,1860.0,HEX BOLT 12 X1.25 X 30  (10
1153,MB344408,2024-02,6240.0,CLIP TRIM
1153,MB394519,2024-02,1440.0,KNOB INSIDE LOCK
1153,MB486038,2024-02,2780.0,BALL JOINT G/SHF CONT.LINK
1153,ME013536,2024-02,2012.0,GASKET EXHAUST MANIFOLD
1153,ME020244,2024-02,1159.0,CAP VALVE GEAR TRAIN
1153,ME074696,2024-02,4112.0,"SEAL, VALVE STEM"
1153,ME603242,2024-02,1298.0,"ME603242, RING SYNCHRONIZER"
1153,MF140225,2024-02,1890.0,BOLT M8x1.25x20
1153,MF434103,2024-02,2670.0,FLANGE NUT M-6
1153,MF434104,2024-02,2280.0,NUT FL. M8X1.25
1153,MF434105,2024-02,2490.0,NUT FL. M10x1.25
1153,MF445086,2024-02,6890.0,NUT SELF LOCKING 12
1153,MF472103,2024-02,2520.0,SPLIT PIN (5X45)
1153,MF472127,2024-02,1530.0,SPLIT PIN
1153,MH001715,2024-02,2050.0,"MH001715, BOLT"
1153,MS602013,2024-02,1450.0,HOSE FUEL 6X110
1153,MS660163,2024-02,1530.0,HOSE CLIP (11.6)
1153,MS660164,2024-02,1830.0,HOSE CLIP (13.1)
1153,ID376839,2024-02,1658.0,SERVICE KIT OIL FILTER & O RING
1153,ID329244,2024-02,1670.0,VALVE STEM SEAL
1153,IA203036,2024-03,700.0,"GASKET,REAR AXLE SHAFT (LCV)"
1153,IA203086,2024-03,870.0,GASKET REAR AXLE SHAFT (HCV)
1153,IA208182,2024-03,1268.0,"CAP, FUEL TANK (HCV)"
1153,IA215142,2024-03,772.0,"OIL SEAL,HUB REAR OUTER WHEEL"
1153,IA215577,2024-03,1180.0,"OIL SEAL,HUB REAR OUTER WHEEL (MCV)"
1153,IA215578,2024-03,1183.0,OIL SEAL HUB REAR OUTER (HCV)
1153,IA230267,2024-03,550.0,HUB BOLT KIT REAR 10.90
1153,IA301086,2024-03,364.0,WHEEL NUT ASSY (HCV/MAV)(SIZE- A/F - 32)
1153,IA329978,2024-03,990.0,PLASTIC CLIP.
1153,IB002922,2024-03,1574.0,ELEMENT KIT OIL FILTER
1153,IB999501,2024-03,1418.0,GEAR BOX BUSHING KIT
1153,IB999850,2024-03,2808.0,FILTER SET E483
1153,ID201024,2024-03,1350.0,BY PASS FILTER
1153,ID202167,2024-03,1028.0,CAP RADIATOR (TC)
1153,ID205077,2024-03,796.0,CABLE ACCELERATOR (1090 K CNG)
1153,ID301958,2024-03,1238.0,FUEL STRAINER (MAV COWL)
1153,ID309786,2024-03,2200.0,VALVE STEM SEAL
1153,ID334315,2024-03,1201.0,MAIN FILTER KIT
1153,IF000504,2024-03,623.0,"OIL SEAL, FR HUB WHEEL"
1153,IM300205,2024-03,5640.0,EICHER PREMIUM COOLANT
1153,MB293356,2024-03,1270.0,HEX BOLT 12 X1.25 X 30  (10
1153,MB344408,2024-03,2620.0,CLIP TRIM
1153,MB394519,2024-03,840.0,KNOB INSIDE LOCK
1153,MB486038,2024-03,2010.0,BALL JOINT G/SHF CONT.LINK
1153,ME013536,2024-03,1644.0,GASKET EXHAUST MANIFOLD
1153,ME020244,2024-03,1160.0,CAP VALVE GEAR TRAIN
1153,ME074696,2024-03,2816.0,"SEAL, VALVE STEM"
1153,ME603242,2024-03,864.0,"ME603242, RING SYNCHRONIZER"
1153,MF140225,2024-03,1140.0,BOLT M8x1.25x20
1153,MF434103,2024-03,2370.0,FLANGE NUT M-6
1153,MF434104,2024-03,2250.0,NUT FL. M8X1.25
1153,MF434105,2024-03,1890.0,NUT FL. M10x1.25
1153,MF445086,2024-03,3730.0,NUT SELF LOCKING 12
1153,MF472103,2024-03,1920.0,SPLIT PIN (5X45)
1153,MF472127,2024-03,1410.0,SPLIT PIN
1153,MH001715,2024-03,450.0,"MH001715, BOLT"
1153,MS602013,2024-03,1050.0,HOSE FUEL 6X110
1153,MS660163,2024-03,660.0,HOSE CLIP (11.6)
1153,MS660164,2024-03,990.0,HOSE CLIP (13.1)
1153,ID376839,2024-03,872.0,SERVICE KIT OIL FILTER & O RING
1153,ID329244,2024-03,1410.0,VALVE STEM SEAL
1153,IA203036,2024-04,340.0,"GASKET,REAR AXLE SHAFT (LCV)"
1153,IA203086,2024-04,500.0,GASKET REAR AXLE SHAFT (HCV)
1153,IA208182,2024-04,656.0,"CAP, FUEL TANK (HCV)"
1153,IA215142,2024-04,697.0,"OIL SEAL,HUB REAR OUTER WHEEL"
1153,IA215577,2024-04,224.0,"OIL SEAL,HUB REAR OUTER WHEEL (MCV)"
1153,IA215578,2024-04,823.0,OIL SEAL HUB REAR OUTER (HCV)
1153,IA230267,2024-04,504.0,HUB BOLT KIT REAR 10.90
1153,IA301086,2024-04,1345.0,WHEEL NUT ASSY (HCV/MAV)(SIZE- A/F - 32)
1153,IA329978,2024-04,330.0,PLASTIC CLIP.
1153,IB002922,2024-04,945.0,ELEMENT KIT OIL FILTER
1153,IB999501,2024-04,434.0,GEAR BOX BUSHING KIT
1153,IB999850,2024-04,1439.0,FILTER SET E483
1153,ID201024,2024-04,980.0,BY PASS FILTER
1153,ID202167,2024-04,684.0,CAP RADIATOR (TC)
1153,ID205077,2024-04,488.0,CABLE ACCELERATOR (1090 K CNG)
1153,ID301958,2024-04,1022.0,FUEL STRAINER (MAV COWL)
1153,ID309786,2024-04,1344.0,VALVE STEM SEAL
1153,ID334315,2024-04,931.0,MAIN FILTER KIT
1153,IF000504,2024-04,573.0,"OIL SEAL, FR HUB WHEEL"
1153,IM300205,2024-04,4160.0,EICHER PREMIUM COOLANT
1153,MB293356,2024-04,1020.0,HEX BOLT 12 X1.25 X 30  (10
1153,MB344408,2024-04,1700.0,CLIP TRIM
1153,MB394519,2024-04,620.0,KNOB INSIDE LOCK
1153,MB486038,2024-04,950.0,BALL JOINT G/SHF CONT.LINK
1153,ME013536,2024-04,992.0,GASKET EXHAUST MANIFOLD
1153,ME020244,2024-04,688.0,CAP VALVE GEAR TRAIN
1153,ME074696,2024-04,1440.0,"SEAL, VALVE STEM"
1153,ME603242,2024-04,578.0,"ME603242, RING SYNCHRONIZER"
1153,MF140225,2024-04,690.0,BOLT M8x1.25x20
1153,MF434103,2024-04,210.0,FLANGE NUT M-6
1153,MF434104,2024-04,750.0,NUT FL. M8X1.25
1153,MF434105,2024-04,930.0,NUT FL. M10x1.25
1153,MF445086,2024-04,3030.0,NUT SELF LOCKING 12
1153,MF472103,2024-04,1200.0,SPLIT PIN (5X45)
1153,MF472127,2024-04,870.0,SPLIT PIN
1153,MH001715,2024-04,300.0,"MH001715, BOLT"
1153,MS602013,2024-04,580.0,HOSE FUEL 6X110
1153,MS660163,2024-04,690.0,HOSE CLIP (11.6)
1153,MS660164,2024-04,240.0,HOSE CLIP (13.1)
1153,ID376839,2024-04,940.0,SERVICE KIT OIL FILTER & O RING
1153,ID329244,2024-04,1180.0,VALVE STEM SEAL
1153,IA203036,2024-05,2080.0,"GASKET,REAR AXLE SHAFT (LCV)"
1153,IA203086,2024-05,2210.0,GASKET REAR AXLE SHAFT (HCV)
1153,IA208182,2024-05,1398.0,"CAP, FUEL TANK (HCV)"
1153,IA215142,2024-05,3449.0,"OIL SEAL,HUB REAR OUTER WHEEL"
1153,IA215577,2024-05,4866.0,"OIL SEAL,HUB REAR OUTER WHEEL (MCV)"
1153,IA215578,2024-05,1453.0,OIL SEAL HUB REAR OUTER (HCV)
1153,IA230267,2024-05,1222.0,HUB BOLT KIT REAR 10.90
1153,IA301086,2024-05,1890.0,WHEEL NUT ASSY (HCV/MAV)(SIZE- A/F - 32)
1153,IA329978,2024-05,1890.0,PLASTIC CLIP.
1153,IB002922,2024-05,3116.0,ELEMENT KIT OIL FILTER
1153,IB999501,2024-05,2147.0,GEAR BOX BUSHING KIT
1153,IB999850,2024-05,5225.0,FILTER SET E483
1153,ID201024,2024-05,3270.0,BY PASS FILTER
1153,ID202167,2024-05,2017.0,CAP RADIATOR (TC)
1153,ID205077,2024-05,1409.0,CABLE ACCELERATOR (1090 K CNG)
1153,ID301958,2024-05,2470.0,FUEL STRAINER (MAV COWL)
1153,ID309786,2024-05,2824.0,VALVE STEM SEAL
1153,ID334315,2024-05,1857.0,MAIN FILTER KIT
1153,IF000504,2024-05,3110.0,"OIL SEAL, FR HUB WHEEL"
1153,IM300205,2024-05,7790.0,EICHER PREMIUM COOLANT
1153,MB293356,2024-05,1930.0,HEX BOLT 12 X1.25 X 30  (10
1153,MB344408,2024-05,3900.0,CLIP TRIM
1153,MB394519,2024-05,1220.0,KNOB INSIDE LOCK
1153,MB486038,2024-05,2620.0,BALL JOINT G/SHF CONT.LINK
1153,ME013536,2024-05,1748.0,GASKET EXHAUST MANIFOLD
1153,ME020244,2024-05,1416.0,CAP VALVE GEAR TRAIN
1153,ME074696,2024-05,3792.0,"SEAL, VALVE STEM"
1153,ME603242,2024-05,1523.0,"ME603242, RING SYNCHRONIZER"
1153,MF140225,2024-05,1560.0,BOLT M8x1.25x20
1153,MF434103,2024-05,1980.0,FLANGE NUT M-6
1153,MF434104,2024-05,1920.0,NUT FL. M8X1.25
1153,MF434105,2024-05,2610.0,NUT FL. M10x1.25
1153,MF445086,2024-05,6255.0,NUT SELF LOCKING 12
1153,MF472103,2024-05,3454.0,SPLIT PIN (5X45)
1153,MF472127,2024-05,1380.0,SPLIT PIN
1153,MH001715,2024-05,1460.0,"MH001715, BOLT"
1153,MS602013,2024-05,1520.0,HOSE FUEL 6X110
1153,MS660163,2024-05,1620.0,HOSE CLIP (11.6)
1153,MS660164,2024-05,1830.0,HOSE CLIP (13.1)
1153,ID376839,2024-05,2933.0,SERVICE KIT OIL FILTER & O RING
1153,ID329244,2024-05,1720.0,VALVE STEM SEAL
1153,IA203036,2024-06,2180.0,"GASKET,REAR AXLE SHAFT (LCV)"
1153,IA203086,2024-06,2340.0,GASKET REAR AXLE SHAFT (HCV)
1153,IA208182,2024-06,1756.0,"CAP, FUEL TANK (HCV)"
1153,IA215142,2024-06,2796.0,"OIL SEAL,HUB REAR OUTER WHEEL"
1153,IA215577,2024-06,3563.0,"OIL SEAL,HUB REAR OUTER WHEEL (MCV)"
1153,IA215578,2024-06,1441.0,OIL SEAL HUB REAR OUTER (HCV)
1153,IA230267,2024-06,1546.0,HUB BOLT KIT REAR 10.90
1153,IA301086,2024-06,1777.0,WHEEL NUT ASSY (HCV/MAV)(SIZE- A/F - 32)
1153,IA329978,2024-06,1770.0,PLASTIC CLIP.
1153,IB002922,2024-06,2336.0,ELEMENT KIT OIL FILTER
1153,IB999501,2024-06,2037.0,GEAR BOX BUSHING KIT
1153,IB999850,2024-06,6007.0,FILTER SET E483
1153,ID201024,2024-06,2537.0,BY PASS FILTER
1153,ID202167,2024-06,1430.0,CAP RADIATOR (TC)
1153,ID205077,2024-06,2190.0,CABLE ACCELERATOR (1090 K CNG)
1153,ID301958,2024-06,1967.0,FUEL STRAINER (MAV COWL)
1153,ID309786,2024-06,2069.0,VALVE STEM SEAL
1153,ID334315,2024-06,1747.0,MAIN FILTER KIT
1153,IF000504,2024-06,2157.0,"OIL SEAL, FR HUB WHEEL"
1153,IM300205,2024-06,5760.0,EICHER PREMIUM COOLANT
1153,MB293356,2024-06,1545.0,HEX BOLT 12 X1.25 X 30  (10
1153,MB344408,2024-06,4580.0,CLIP TRIM
1153,MB394519,2024-06,1820.0,KNOB INSIDE LOCK
1153,MB486038,2024-06,2990.0,BALL JOINT G/SHF CONT.LINK
1153,ME013536,2024-06,2252.0,GASKET EXHAUST MANIFOLD
1153,ME020244,2024-06,592.0,CAP VALVE GEAR TRAIN
1153,ME074696,2024-06,3496.0,"SEAL, VALVE STEM"
1153,ME603242,2024-06,1626.0,"ME603242, RING SYNCHRONIZER"
1153,MF140225,2024-06,2070.0,BOLT M8x1.25x20
1153,MF434103,2024-06,1260.0,FLANGE NUT M-6
1153,MF434104,2024-06,2340.0,NUT FL. M8X1.25
1153,MF434105,2024-06,1620.0,NUT FL. M10x1.25
1153,MF445086,2024-06,5580.0,NUT SELF LOCKING 12
1153,MF472103,2024-06,1920.0,SPLIT PIN (5X45)
1153,MF472127,2024-06,1230.0,SPLIT PIN
1153,MH001715,2024-06,1600.0,"MH001715, BOLT"
1153,MS602013,2024-06,830.0,HOSE FUEL 6X110
1153,MS660163,2024-06,1440.0,HOSE CLIP (11.6)
1153,MS660164,2024-06,1950.0,HOSE CLIP (13.1)
1153,ID376839,2024-06,2115.0,SERVICE KIT OIL FILTER & O RING
1153,ID329244,2024-06,1487.0,VALVE STEM SEAL
1153,IA203036,2024-07,1470.0,"GASKET,REAR AXLE SHAFT (LCV)"
1153,IA203086,2024-07,1780.0,GASKET REAR AXLE SHAFT (HCV)
1153,IA208182,2024-07,1594.0,"CAP, FUEL TANK (HCV)"
1153,IA215142,2024-07,2279.0,"OIL SEAL,HUB REAR OUTER WHEEL"
1153,IA215577,2024-07,2940.0,"OIL SEAL,HUB REAR OUTER WHEEL (MCV)"
1153,IA215578,2024-07,1628.0,OIL SEAL HUB REAR OUTER (HCV)
1153,IA230267,2024-07,1454.0,HUB BOLT KIT REAR 10.90
1153,IA301086,2024-07,2420.0,WHEEL NUT ASSY (HCV/MAV)(SIZE- A/F - 32)
1153,IA329978,2024-07,2010.0,PLASTIC CLIP.
1153,IB002922,2024-07,1730.0,ELEMENT KIT OIL FILTER
1153,IB999501,2024-07,1469.0,GEAR BOX BUSHING KIT
1153,IB999850,2024-07,3859.0,FILTER SET E483
1153,ID201024,2024-07,1895.0,BY PASS FILTER
1153,ID202167,2024-07,1872.0,CAP RADIATOR (TC)
1153,ID205077,2024-07,1698.0,CABLE ACCELERATOR (1090 K CNG)
1153,ID301958,2024-07,1710.0,FUEL STRAINER (MAV COWL)
1153,ID309786,2024-07,2056.0,VALVE STEM SEAL
1153,ID334315,2024-07,1897.0,MAIN FILTER KIT
1153,IF000504,2024-07,1677.0,"OIL SEAL, FR HUB WHEEL"
1153,IM300205,2024-07,7920.0,EICHER PREMIUM COOLANT
1153,MB293356,2024-07,2790.0,HEX BOLT 12 X1.25 X 30  (10
1153,MB344408,2024-07,4400.0,CLIP TRIM
1153,MB394519,2024-07,1560.0,KNOB INSIDE LOCK
1153,MB486038,2024-07,2120.0,BALL JOINT G/SHF CONT.LINK
1153,ME013536,2024-07,1564.0,GASKET EXHAUST MANIFOLD
1153,ME020244,2024-07,1464.0,CAP VALVE GEAR TRAIN
1153,ME074696,2024-07,3128.0,"SEAL, VALVE STEM"
1153,ME603242,2024-07,1688.0,"ME603242, RING SYNCHRONIZER"
1153,MF140225,2024-07,2160.0,BOLT M8x1.25x20
1153,MF434103,2024-07,2700.0,FLANGE NUT M-6
1153,MF434104,2024-07,3090.0,NUT FL. M8X1.25
1153,MF434105,2024-07,3540.0,NUT FL. M10x1.25
1153,MF445086,2024-07,7015.0,NUT SELF LOCKING 12
1153,MF472103,2024-07,3868.0,SPLIT PIN (5X45)
1153,MF472127,2024-07,2370.0,SPLIT PIN
1153,MH001715,2024-07,1790.0,"MH001715, BOLT"
1153,MS602013,2024-07,2130.0,HOSE FUEL 6X110
1153,MS660163,2024-07,1950.0,HOSE CLIP (11.6)
1153,MS660164,2024-07,2340.0,HOSE CLIP (13.1)
1153,ID376839,2024-07,2001.0,SERVICE KIT OIL FILTER & O RING
1153,ID329244,2024-07,2200.0,VALVE STEM SEAL
1153,IA203036,2024-08,1400.0,"GASKET,REAR AXLE SHAFT (LCV)"
1153,IA203086,2024-08,980.0,GASKET REAR AXLE SHAFT (HCV)
1153,IA208182,2024-08,2737.0,"CAP, FUEL TANK (HCV)"
1153,IA215142,2024-08,1756.0,"OIL SEAL,HUB REAR OUTER WHEEL"
1153,IA215577,2024-08,2497.0,"OIL SEAL,HUB REAR OUTER WHEEL (MCV)"
1153,IA215578,2024-08,1490.0,OIL SEAL HUB REAR OUTER (HCV)
1153,IA230267,2024-08,1241.0,HUB BOLT KIT REAR 10.90
1153,IA301086,2024-08,2525.0,WHEEL NUT ASSY (HCV/MAV)(SIZE- A/F - 32)
1153,IA329978,2024-08,3030.0,PLASTIC CLIP.
1153,IB002922,2024-08,1720.0,ELEMENT KIT OIL FILTER
1153,IB999501,2024-08,2095.0,GEAR BOX BUSHING KIT
1153,IB999850,2024-08,3786.0,FILTER SET E483
1153,ID201024,2024-08,1990.0,BY PASS FILTER
1153,ID202167,2024-08,1525.0,CAP RADIATOR (TC)
1153,ID205077,2024-08,2021.0,CABLE ACCELERATOR (1090 K CNG)
1153,ID301958,2024-08,1731.0,FUEL STRAINER (MAV COWL)
1153,ID309786,2024-08,2872.0,VALVE STEM SEAL
1153,ID334315,2024-08,1963.0,MAIN FILTER KIT
1153,IF000504,2024-08,1094.0,"OIL SEAL, FR HUB WHEEL"
1153,IM300205,2024-08,5840.0,EICHER PREMIUM COOLANT
1153,MB293356,2024-08,2005.0,HEX BOLT 12 X1.25 X 30  (10
1153,MB344408,2024-08,5280.0,CLIP TRIM
1153,MB394519,2024-08,1660.0,KNOB INSIDE LOCK
1153,MB486038,2024-08,2550.0,BALL JOINT G/SHF CONT.LINK
1153,ME013536,2024-08,1828.0,GASKET EXHAUST MANIFOLD
1153,ME020244,2024-08,1736.0,CAP VALVE GEAR TRAIN
1153,ME074696,2024-08,3592.0,"SEAL, VALVE STEM"
1153,ME603242,2024-08,1434.0,"ME603242, RING SYNCHRONIZER"
1153,MF140225,2024-08,2640.0,BOLT M8x1.25x20
1153,MF434103,2024-08,2190.0,FLANGE NUT M-6
1153,MF434104,2024-08,2880.0,NUT FL. M8X1.25
1153,MF434105,2024-08,2760.0,NUT FL. M10x1.25
1153,MF445086,2024-08,6415.0,NUT SELF LOCKING 12
1153,MF472103,2024-08,2280.0,SPLIT PIN (5X45)
1153,MF472127,2024-08,1410.0,SPLIT PIN
1153,MH001715,2024-08,880.0,"MH001715, BOLT"
1153,MS602013,2024-08,1730.0,HOSE FUEL 6X110
1153,MS660163,2024-08,1590.0,HOSE CLIP (11.6)
1153,MS660164,2024-08,1650.0,HOSE CLIP (13.1)
1153,ID376839,2024-08,1598.0,SERVICE KIT OIL FILTER & O RING
1153,ID329244,2024-08,1820.0,VALVE STEM SEAL
1153,IA203036,2024-09,340.0,"GASKET,REAR AXLE SHAFT (LCV)"
1153,IA203086,2024-09,600.0,GASKET REAR AXLE SHAFT (HCV)
1153,IA208182,2024-09,1689.0,"CAP, FUEL TANK (HCV)"
1153,IA215142,2024-09,552.0,"OIL SEAL,HUB REAR OUTER WHEEL"
1153,IA215577,2024-09,808.0,"OIL SEAL,HUB REAR OUTER WHEEL (MCV)"
1153,IA215578,2024-09,759.0,OIL SEAL HUB REAR OUTER (HCV)
1153,IA230267,2024-09,1346.0,HUB BOLT KIT REAR 10.90
1153,IA301086,2024-09,1935.0,WHEEL NUT ASSY (HCV/MAV)(SIZE- A/F - 32)
1153,IA329978,2024-09,600.0,PLASTIC CLIP.
1153,IB002922,2024-09,694.0,ELEMENT KIT OIL FILTER
1153,IB999501,2024-09,758.0,GEAR BOX BUSHING KIT
1153,IB999850,2024-09,1680.0,FILTER SET E483
1153,ID201024,2024-09,756.0,BY PASS FILTER
1153,ID202167,2024-09,551.0,CAP RADIATOR (TC)
1153,ID205077,2024-09,811.0,CABLE ACCELERATOR (1090 K CNG)
1153,ID301958,2024-09,631.0,FUEL STRAINER (MAV COWL)
1153,ID309786,2024-09,2048.0,VALVE STEM SEAL
1153,ID334315,2024-09,1322.0,MAIN FILTER KIT
1153,IF000504,2024-09,1014.0,"OIL SEAL, FR HUB WHEEL"
1153,IM300205,2024-09,6220.0,EICHER PREMIUM COOLANT
1153,MB293356,2024-09,1003.0,HEX BOLT 12 X1.25 X 30  (10
1153,MB344408,2024-09,4000.0,CLIP TRIM
1153,MB394519,2024-09,1940.0,KNOB INSIDE LOCK
1153,MB486038,2024-09,850.0,BALL JOINT G/SHF CONT.LINK
1153,ME013536,2024-09,696.0,GASKET EXHAUST MANIFOLD
1153,ME020244,2024-09,1896.0,CAP VALVE GEAR TRAIN
1153,ME074696,2024-09,3232.0,"SEAL, VALVE STEM"
1153,ME603242,2024-09,837.0,"ME603242, RING SYNCHRONIZER"
1153,MF140225,2024-09,1740.0,BOLT M8x1.25x20
1153,MF434103,2024-09,1950.0,FLANGE NUT M-6
1153,MF434104,2024-09,3510.0,NUT FL. M8X1.25
1153,MF434105,2024-09,2700.0,NUT FL. M10x1.25
1153,MF445086,2024-09,6090.0,NUT SELF LOCKING 12
1153,MF472103,2024-09,1590.0,SPLIT PIN (5X45)
1153,MF472127,2024-09,1590.0,SPLIT PIN
1153,MH001715,2024-09,1470.0,"MH001715, BOLT"
1153,MS602013,2024-09,1240.0,HOSE FUEL 6X110
1153,MS660163,2024-09,1200.0,HOSE CLIP (11.6)
1153,MS660164,2024-09,1530.0,HOSE CLIP (13.1)
1153,ID376839,2024-09,893.0,SERVICE KIT OIL FILTER & O RING
1153,ID329244,2024-09,2230.0,VALVE STEM SEAL
1153,IA203036,2024-10,130.0,"GASKET,REAR AXLE SHAFT (LCV)"
1153,IA203086,2024-10,630.0,GASKET REAR AXLE SHAFT (HCV)
1153,IA208182,2024-10,897.0,"CAP, FUEL TANK (HCV)"
1153,IA215142,2024-10,574.0,"OIL SEAL,HUB REAR OUTER WHEEL"
1153,IA215577,2024-10,972.0,"OIL SEAL,HUB REAR OUTER WHEEL (MCV)"
1153,IA215578,2024-10,854.0,OIL SEAL HUB REAR OUTER (HCV)
1153,IA230267,2024-10,1304.0,HUB BOLT KIT REAR 10.90
1153,IA301086,2024-10,1816.0,WHEEL NUT ASSY (HCV/MAV)(SIZE- A/F - 32)
1153,IA329978,2024-10,390.0,PLASTIC CLIP.
1153,IB002922,2024-10,878.0,ELEMENT KIT OIL FILTER
1153,IB999501,2024-10,489.0,GEAR BOX BUSHING KIT
1153,IB999850,2024-10,1489.0,FILTER SET E483
1153,ID201024,2024-10,758.0,BY PASS FILTER
1153,ID202167,2024-10,561.0,CAP RADIATOR (TC)
1153,ID205077,2024-10,781.0,CABLE ACCELERATOR (1090 K CNG)
1153,ID301958,2024-10,747.0,FUEL STRAINER (MAV COWL)
1153,ID309786,2024-10,2480.0,VALVE STEM SEAL
1153,ID334315,2024-10,1226.0,MAIN FILTER KIT
1153,IF000504,2024-10,856.0,"OIL SEAL, FR HUB WHEEL"
1153,IM300205,2024-10,7440.0,EICHER PREMIUM COOLANT
1153,MB293356,2024-10,2879.0,HEX BOLT 12 X1.25 X 30  (10
1153,MB344408,2024-10,4160.0,CLIP TRIM
1153,MB394519,2024-10,1700.0,KNOB INSIDE LOCK
1153,MB486038,2024-10,730.0,BALL JOINT G/SHF CONT.LINK
1153,ME013536,2024-10,668.0,GASKET EXHAUST MANIFOLD
1153,ME020244,2024-10,2072.0,CAP VALVE GEAR TRAIN
1153,ME074696,2024-10,2904.0,"SEAL, VALVE STEM"
1153,ME603242,2024-10,997.0,"ME603242, RING SYNCHRONIZER"
1153,MF140225,2024-10,2010.0,BOLT M8x1.25x20
1153,MF434103,2024-10,2520.0,FLANGE NUT M-6
1153,MF434104,2024-10,2460.0,NUT FL. M8X1.25
1153,MF434105,2024-10,2310.0,NUT FL. M10x1.25
1153,MF445086,2024-10,6020.0,NUT SELF LOCKING 12
1153,MF472103,2024-10,1080.0,SPLIT PIN (5X45)
1153,MF472127,2024-10,1470.0,SPLIT PIN
1153,MH001715,2024-10,1560.0,"MH001715, BOLT"
1153,MS602013,2024-10,1570.0,HOSE FUEL 6X110
1153,MS660163,2024-10,1680.0,HOSE CLIP (11.6)
1153,MS660164,2024-10,1560.0,HOSE CLIP (13.1)
1153,ID376839,2024-10,1051.0,SERVICE KIT OIL FILTER & O RING
1153,ID329244,2024-10,2500.0,VALVE STEM SEAL
1153,IA203036,2024-11,1450.0,"GASKET,REAR AXLE SHAFT (LCV)"
1153,IA203086,2024-11,2030.0,GASKET REAR AXLE SHAFT (HCV)
1153,IA208182,2024-11,911.0,"CAP, FUEL TANK (HCV)"
1153,IA215142,2024-11,717.0,"OIL SEAL,HUB REAR OUTER WHEEL"
1153,IA215577,2024-11,1059.0,"OIL SEAL,HUB REAR OUTER WHEEL (MCV)"
1153,IA215578,2024-11,1348.0,OIL SEAL HUB REAR OUTER (HCV)
1153,IA230267,2024-11,1310.0,HUB BOLT KIT REAR 10.90
1153,IA301086,2024-11,2454.0,WHEEL NUT ASSY (HCV/MAV)(SIZE- A/F - 32)
1153,IA329978,2024-11,570.0,PLASTIC CLIP.
1153,IB002922,2024-11,639.0,ELEMENT KIT OIL FILTER
1153,IB999501,2024-11,552.0,GEAR BOX BUSHING KIT
1153,IB999850,2024-11,729.0,FILTER SET E483
1153,ID201024,2024-11,704.0,BY PASS FILTER
1153,ID202167,2024-11,452.0,CAP RADIATOR (TC)
1153,ID205077,2024-11,417.0,CABLE ACCELERATOR (1090 K CNG)
1153,ID301958,2024-11,655.0,FUEL STRAINER (MAV COWL)
1153,ID309786,2024-11,2064.0,VALVE STEM SEAL
1153,ID334315,2024-11,1311.0,MAIN FILTER KIT
1153,IF000504,2024-11,986.0,"OIL SEAL, FR HUB WHEEL"
1153,IM300205,2024-11,7100.0,EICHER PREMIUM COOLANT
1153,MB293356,2024-11,1540.0,HEX BOLT 12 X1.25 X 30  (10
1153,MB344408,2024-11,4440.0,CLIP TRIM
1153,MB394519,2024-11,1300.0,KNOB INSIDE LOCK
1153,MB486038,2024-11,530.0,BALL JOINT G/SHF CONT.LINK
1153,ME013536,2024-11,720.0,GASKET EXHAUST MANIFOLD
1153,ME020244,2024-11,1888.0,CAP VALVE GEAR TRAIN
1153,ME074696,2024-11,2920.0,"SEAL, VALVE STEM"
1153,ME603242,2024-11,1776.0,"ME603242, RING SYNCHRONIZER"
1153,MF140225,2024-11,1680.0,BOLT M8x1.25x20
1153,MF434103,2024-11,1800.0,FLANGE NUT M-6
1153,MF434104,2024-11,2790.0,NUT FL. M8X1.25
1153,MF434105,2024-11,2580.0,NUT FL. M10x1.25
1153,MF445086,2024-11,6140.0,NUT SELF LOCKING 12
1153,MF472103,2024-11,1710.0,SPLIT PIN (5X45)
1153,MF472127,2024-11,1590.0,SPLIT PIN
1153,MH001715,2024-11,1790.0,"MH001715, BOLT"
1153,MS602013,2024-11,1280.0,HOSE FUEL 6X110
1153,MS660163,2024-11,1170.0,HOSE CLIP (11.6)
1153,MS660164,2024-11,1770.0,HOSE CLIP (13.1)
1153,ID376839,2024-11,995.0,SERVICE KIT OIL FILTER & O RING
1153,ID329244,2024-11,1530.0,VALVE STEM SEAL
1153,IA203036,2024-12,300.0,"GASKET,REAR AXLE SHAFT (LCV)"
1153,IA203086,2024-12,340.0,GASKET REAR AXLE SHAFT (HCV)
1153,IA208182,2024-12,833.0,"CAP, FUEL TANK (HCV)"
1153,IA215142,2024-12,635.0,"OIL SEAL,HUB REAR OUTER WHEEL"
1153,IA215577,2024-12,695.0,"OIL SEAL,HUB REAR OUTER WHEEL (MCV)"
1153,IA215578,2024-12,835.0,OIL SEAL HUB REAR OUTER (HCV)
1153,IA230267,2024-12,1306.0,HUB BOLT KIT REAR 10.90
1153,IA301086,2024-12,2540.0,WHEEL NUT ASSY (HCV/MAV)(SIZE- A/F - 32)
1153,IA329978,2024-12,990.0,PLASTIC CLIP.
1153,IB002922,2024-12,691.0,ELEMENT KIT OIL FILTER
1153,IB999501,2024-12,537.0,GEAR BOX BUSHING KIT
1153,IB999850,2024-12,870.0,FILTER SET E483
1153,ID201024,2024-12,693.0,BY PASS FILTER
1153,ID202167,2024-12,521.0,CAP RADIATOR (TC)
1153,ID205077,2024-12,708.0,CABLE ACCELERATOR (1090 K CNG)
1153,ID301958,2024-12,762.0,FUEL STRAINER (MAV COWL)
1153,ID309786,2024-12,3024.0,VALVE STEM SEAL
1153,ID334315,2024-12,1371.0,MAIN FILTER KIT
1153,IF000504,2024-12,1267.0,"OIL SEAL, FR HUB WHEEL"
1153,IM300205,2024-12,7100.0,EICHER PREMIUM COOLANT
1153,MB293356,2024-12,2350.0,HEX BOLT 12 X1.25 X 30  (10
1153,MB344408,2024-12,5060.0,CLIP TRIM
1153,MB394519,2024-12,1780.0,KNOB INSIDE LOCK
1153,MB486038,2024-12,450.0,BALL JOINT G/SHF CONT.LINK
1153,ME013536,2024-12,804.0,GASKET EXHAUST MANIFOLD
1153,ME020244,2024-12,1336.0,CAP VALVE GEAR TRAIN
1153,ME074696,2024-12,3400.0,"SEAL, VALVE STEM"
1153,ME603242,2024-12,1083.0,"ME603242, RING SYNCHRONIZER"
1153,MF140225,2024-12,1650.0,BOLT M8x1.25x20
1153,MF434103,2024-12,2490.0,FLANGE NUT M-6
1153,MF434104,2024-12,3600.0,NUT FL. M8X1.25
1153,MF434105,2024-12,2970.0,NUT FL. M10x1.25
1153,MF445086,2024-12,7420.0,NUT SELF LOCKING 12
1153,MF472103,2024-12,1680.0,SPLIT PIN (5X45)
1153,MF472127,2024-12,1980.0,SPLIT PIN
1153,MH001715,2024-12,1810.0,"MH001715, BOLT"
1153,MS602013,2024-12,1680.0,HOSE FUEL 6X110
1153,MS660163,2024-12,1800.0,HOSE CLIP (11.6)
1153,MS660164,2024-12,2100.0,HOSE CLIP (13.1)
1153,ID376839,2024-12,1007.0,SERVICE KIT OIL FILTER & O RING
1153,ID329244,2024-12,3340.0,VALVE STEM SEAL
1153,IA203036,2025-01,1500.0,"GASKET,REAR AXLE SHAFT (LCV)"
1153,IA203086,2025-01,1840.0,GASKET REAR AXLE SHAFT (HCV)
1153,IA208182,2025-01,1521.0,"CAP, FUEL TANK (HCV)"
1153,IA215142,2025-01,1872.0,"OIL SEAL,HUB REAR OUTER WHEEL"
1153,IA215577,2025-01,2309.0,"OIL SEAL,HUB REAR OUTER WHEEL (MCV)"
1153,IA215578,2025-01,1568.0,OIL SEAL HUB REAR OUTER (HCV)
1153,IA230267,2025-01,1758.0,HUB BOLT KIT REAR 10.90
1153,IA301086,2025-01,1068.0,WHEEL NUT ASSY (HCV/MAV)(SIZE- A/F - 32)
1153,IA329978,2025-01,1920.0,PLASTIC CLIP.
1153,IB002922,2025-01,1812.0,ELEMENT KIT OIL FILTER
1153,IB999501,2025-01,1603.0,GEAR BOX BUSHING KIT
1153,IB999850,2025-01,4493.0,FILTER SET E483
1153,ID201024,2025-01,1876.0,BY PASS FILTER
1153,ID202167,2025-01,1380.0,CAP RADIATOR (TC)
1153,ID205077,2025-01,1750.0,CABLE ACCELERATOR (1090 K CNG)
1153,ID301958,2025-01,1615.0,FUEL STRAINER (MAV COWL)
1153,ID309786,2025-01,2848.0,VALVE STEM SEAL
1153,ID334315,2025-01,2402.0,MAIN FILTER KIT
1153,IF000504,2025-01,1181.0,"OIL SEAL, FR HUB WHEEL"
1153,IM300205,2025-01,7220.0,EICHER PREMIUM COOLANT
1153,MB293356,2025-01,2440.0,HEX BOLT 12 X1.25 X 30  (10
1153,MB344408,2025-01,3120.0,CLIP TRIM
1153,MB394519,2025-01,1660.0,KNOB INSIDE LOCK
1153,MB486038,2025-01,2150.0,BALL JOINT G/SHF CONT.LINK
1153,ME013536,2025-01,1604.0,GASKET EXHAUST MANIFOLD
1153,ME020244,2025-01,1360.0,CAP VALVE GEAR TRAIN
1153,ME074696,2025-01,3320.0,"SEAL, VALVE STEM"
1153,ME603242,2025-01,1789.0,"ME603242, RING SYNCHRONIZER"
1153,MF140225,2025-01,1950.0,BOLT M8x1.25x20
1153,MF434103,2025-01,2580.0,FLANGE NUT M-6
1153,MF434104,2025-01,2910.0,NUT FL. M8X1.25
1153,MF434105,2025-01,2730.0,NUT FL. M10x1.25
1153,MF445086,2025-01,7210.0,NUT SELF LOCKING 12
1153,MF472103,2025-01,2670.0,SPLIT PIN (5X45)
1153,MF472127,2025-01,1380.0,SPLIT PIN
1153,MH001715,2025-01,1870.0,"MH001715, BOLT"
1153,MS602013,2025-01,1700.0,HOSE FUEL 6X110
1153,MS660163,2025-01,1950.0,HOSE CLIP (11.6)
1153,MS660164,2025-01,2370.0,HOSE CLIP (13.1)
1153,ID376839,2025-01,2134.0,SERVICE KIT OIL FILTER & O RING
1153,ID329244,2025-01,2660.0,VALVE STEM SEAL
1153,IA203036,2025-02,1200.0,"GASKET,REAR AXLE SHAFT (LCV)"
1153,IA203086,2025-02,1980.0,GASKET REAR AXLE SHAFT (HCV)
1153,IA208182,2025-02,1863.0,"CAP, FUEL TANK (HCV)"
1153,IA215142,2025-02,1588.0,"OIL SEAL,HUB REAR OUTER WHEEL"
1153,IA215577,2025-02,2042.0,"OIL SEAL,HUB REAR OUTER WHEEL (MCV)"
1153,IA215578,2025-02,1165.0,OIL SEAL HUB REAR OUTER (HCV)
1153,IA230267,2025-02,1143.0,HUB BOLT KIT REAR 10.90
1153,IA301086,2025-02,0.0,WHEEL NUT ASSY (HCV/MAV)(SIZE- A/F - 32)
1153,IA329978,2025-02,2580.0,PLASTIC CLIP.
1153,IB002922,2025-02,1771.0,ELEMENT KIT OIL FILTER
1153,IB999501,2025-02,1613.0,GEAR BOX BUSHING KIT
1153,IB999850,2025-02,4177.0,FILTER SET E483
1153,ID201024,2025-02,1817.0,BY PASS FILTER
1153,ID202167,2025-02,1529.0,CAP RADIATOR (TC)
1153,ID205077,2025-02,1334.0,CABLE ACCELERATOR (1090 K CNG)
1153,ID301958,2025-02,1667.0,FUEL STRAINER (MAV COWL)
1153,ID309786,2025-02,2424.0,VALVE STEM SEAL
1153,ID334315,2025-02,2441.0,MAIN FILTER KIT
1153,IF000504,2025-02,1138.0,"OIL SEAL, FR HUB WHEEL"
1153,IM300205,2025-02,8980.0,EICHER PREMIUM COOLANT
1153,MB293356,2025-02,1860.0,HEX BOLT 12 X1.25 X 30  (10
1153,MB344408,2025-02,4260.0,CLIP TRIM
1153,MB394519,2025-02,1340.0,KNOB INSIDE LOCK
1153,MB486038,2025-02,720.0,BALL JOINT G/SHF CONT.LINK
1153,ME013536,2025-02,1664.0,GASKET EXHAUST MANIFOLD
1153,ME020244,2025-02,1400.0,CAP VALVE GEAR TRAIN
1153,ME074696,2025-02,2048.0,"SEAL, VALVE STEM"
1153,ME603242,2025-02,1630.0,"ME603242, RING SYNCHRONIZER"
1153,MF140225,2025-02,1710.0,BOLT M8x1.25x20
1153,MF434103,2025-02,2100.0,FLANGE NUT M-6
1153,MF434104,2025-02,2280.0,NUT FL. M8X1.25
1153,MF434105,2025-02,2310.0,NUT FL. M10x1.25
1153,MF445086,2025-02,6870.0,NUT SELF LOCKING 12
1153,MF472103,2025-02,2880.0,SPLIT PIN (5X45)
1153,MF472127,2025-02,1740.0,SPLIT PIN
1153,MH001715,2025-02,1760.0,"MH001715, BOLT"
1153,MS602013,2025-02,330.0,HOSE FUEL 6X110
1153,MS660163,2025-02,1590.0,HOSE CLIP (11.6)
1153,MS660164,2025-02,1800.0,HOSE CLIP (13.1)
1153,ID376839,2025-02,1872.0,SERVICE KIT OIL FILTER & O RING
1153,ID329244,2025-02,2650.0,VALVE STEM SEAL
1153,IA203036,2025-03,1520.0,"GASKET,REAR AXLE SHAFT (LCV)"
1153,IA203086,2025-03,1840.0,GASKET REAR AXLE SHAFT (HCV)
1153,IA208182,2025-03,2426.0,"CAP, FUEL TANK (HCV)"
1153,IA215142,2025-03,1979.0,"OIL SEAL,HUB REAR OUTER WHEEL"
1153,IA215577,2025-03,2604.0,"OIL SEAL,HUB REAR OUTER WHEEL (MCV)"
1153,IA215578,2025-03,1445.0,OIL SEAL HUB REAR OUTER (HCV)
1153,IA230267,2025-03,1568.0,HUB BOLT KIT REAR 10.90
1153,IA301086,2025-03,0.0,WHEEL NUT ASSY (HCV/MAV)(SIZE- A/F - 32)
1153,IA329978,2025-03,1950.0,PLASTIC CLIP.
1153,IB002922,2025-03,1925.0,ELEMENT KIT OIL FILTER
1153,IB999501,2025-03,1836.0,GEAR BOX BUSHING KIT
1153,IB999850,2025-03,5126.0,FILTER SET E483
1153,ID201024,2025-03,1996.0,BY PASS FILTER
1153,ID202167,2025-03,2017.0,CAP RADIATOR (TC)
1153,ID205077,2025-03,1730.0,CABLE ACCELERATOR (1090 K CNG)
1153,ID301958,2025-03,1748.0,FUEL STRAINER (MAV COWL)
1153,ID309786,2025-03,2696.0,VALVE STEM SEAL
1153,ID334315,2025-03,2785.0,MAIN FILTER KIT
1153,IF000504,2025-03,1433.0,"OIL SEAL, FR HUB WHEEL"
1153,IM300205,2025-03,9980.0,EICHER PREMIUM COOLANT
1153,MB293356,2025-03,2470.0,HEX BOLT 12 X1.25 X 30  (10
1153,MB344408,2025-03,4240.0,CLIP TRIM
1153,MB394519,2025-03,1400.0,KNOB INSIDE LOCK
1153,MB486038,2025-03,2850.0,BALL JOINT G/SHF CONT.LINK
1153,ME013536,2025-03,2400.0,GASKET EXHAUST MANIFOLD
1153,ME020244,2025-03,1432.0,CAP VALVE GEAR TRAIN
1153,ME074696,2025-03,4072.0,"SEAL, VALVE STEM"
1153,ME603242,2025-03,1941.0,"ME603242, RING SYNCHRONIZER"
1153,MF140225,2025-03,1860.0,BOLT M8x1.25x20
1153,MF434103,2025-03,2340.0,FLANGE NUT M-6
1153,MF434104,2025-03,2610.0,NUT FL. M8X1.25
1153,MF434105,2025-03,2940.0,NUT FL. M10x1.25
1153,MF445086,2025-03,7400.0,NUT SELF LOCKING 12
1153,MF472103,2025-03,2490.0,SPLIT PIN (5X45)
1153,MF472127,2025-03,1770.0,SPLIT PIN
1153,MH001715,2025-03,1770.0,"MH001715, BOLT"
1153,MS602013,2025-03,1841.0,HOSE FUEL 6X110
1153,MS660163,2025-03,3240.0,HOSE CLIP (11.6)
1153,MS660164,2025-03,2370.0,HOSE CLIP (13.1)
1153,ID376839,2025-03,2469.0,SERVICE KIT OIL FILTER & O RING
1153,ID329244,2025-03,3300.0,VALVE STEM SEAL
1153,IA203036,2025-04,1670.0,"GASKET,REAR AXLE SHAFT (LCV)"
1153,IA203086,2025-04,1460.0,GASKET REAR AXLE SHAFT (HCV)
1153,IA208182,2025-04,1510.0,"CAP, FUEL TANK (HCV)"
1153,IA215142,2025-04,2161.0,"OIL SEAL,HUB REAR OUTER WHEEL"
1153,IA215577,2025-04,3060.0,"OIL SEAL,HUB REAR OUTER WHEEL (MCV)"
1153,IA215578,2025-04,1310.0,OIL SEAL HUB REAR OUTER (HCV)
1153,IA230267,2025-04,1170.0,HUB BOLT KIT REAR 10.90
1153,IA301086,2025-04,0.0,WHEEL NUT ASSY (HCV/MAV)(SIZE- A/F - 32)
1153,IA329978,2025-04,1590.0,PLASTIC CLIP.
1153,IB002922,2025-04,1945.0,ELEMENT KIT OIL FILTER
1153,IB999501,2025-04,1635.0,GEAR BOX BUSHING KIT
1153,IB999850,2025-04,4239.0,FILTER SET E483
1153,ID201024,2025-04,1943.0,BY PASS FILTER
1153,ID202167,2025-04,1603.0,CAP RADIATOR (TC)
1153,ID205077,2025-04,1283.0,CABLE ACCELERATOR (1090 K CNG)
1153,ID301958,2025-04,1802.0,FUEL STRAINER (MAV COWL)
1153,ID309786,2025-04,2736.0,VALVE STEM SEAL
1153,ID334315,2025-04,2854.0,MAIN FILTER KIT
1153,IF000504,2025-04,1681.0,"OIL SEAL, FR HUB WHEEL"
1153,IM300205,2025-04,7760.0,EICHER PREMIUM COOLANT
1153,MB293356,2025-04,1770.0,HEX BOLT 12 X1.25 X 30  (10
1153,MB344408,2025-04,2860.0,CLIP TRIM
1153,MB394519,2025-04,1320.0,KNOB INSIDE LOCK
1153,MB486038,2025-04,3185.0,BALL JOINT G/SHF CONT.LINK
1153,ME013536,2025-04,1744.0,GASKET EXHAUST MANIFOLD
1153,ME020244,2025-04,1536.0,CAP VALVE GEAR TRAIN
1153,ME074696,2025-04,2368.0,"SEAL, VALVE STEM"
1153,ME603242,2025-04,1483.0,"ME603242, RING SYNCHRONIZER"
1153,MF140225,2025-04,1830.0,BOLT M8x1.25x20
1153,MF434103,2025-04,1710.0,FLANGE NUT M-6
1153,MF434104,2025-04,2460.0,NUT FL. M8X1.25
1153,MF434105,2025-04,2610.0,NUT FL. M10x1.25
1153,MF445086,2025-04,6000.0,NUT SELF LOCKING 12
1153,MF472103,2025-04,3450.0,SPLIT PIN (5X45)
1153,MF472127,2025-04,2070.0,SPLIT PIN
1153,MH001715,2025-04,1785.0,"MH001715, BOLT"
1153,MS602013,2025-04,1640.0,HOSE FUEL 6X110
1153,MS660163,2025-04,1890.0,HOSE CLIP (11.6)
1153,MS660164,2025-04,1560.0,HOSE CLIP (13.1)
1153,ID376839,2025-04,2754.0,SERVICE KIT OIL FILTER & O RING
1153,ID329244,2025-04,2270.0,VALVE STEM SEAL
1153,IA203036,2025-05,2310.0,"GASKET,REAR AXLE SHAFT (LCV)"
1153,IA203086,2025-05,1800.0,GASKET REAR AXLE SHAFT (HCV)
1153,IA208182,2025-05,1877.0,"CAP, FUEL TANK (HCV)"
1153,IA215142,2025-05,2974.0,"OIL SEAL,HUB REAR OUTER WHEEL"
1153,IA215577,2025-05,3889.0,"OIL SEAL,HUB REAR OUTER WHEEL (MCV)"
1153,IA215578,2025-05,1219.0,OIL SEAL HUB REAR OUTER (HCV)
1153,IA230267,2025-05,1292.0,HUB BOLT KIT REAR 10.90
1153,IA301086,2025-05,0.0,WHEEL NUT ASSY (HCV/MAV)(SIZE- A/F - 32)
1153,IA329978,2025-05,1380.0,PLASTIC CLIP.
1153,IB002922,2025-05,2774.0,ELEMENT KIT OIL FILTER
1153,IB999501,2025-05,1921.0,GEAR BOX BUSHING KIT
1153,IB999850,2025-05,4581.0,FILTER SET E483
1153,ID201024,2025-05,2516.0,BY PASS FILTER
1153,ID202167,2025-05,1606.0,CAP RADIATOR (TC)
1153,ID205077,2025-05,1545.0,CABLE ACCELERATOR (1090 K CNG)
1153,ID301958,2025-05,2120.0,FUEL STRAINER (MAV COWL)
1153,ID309786,2025-05,2784.0,VALVE STEM SEAL
1153,ID334315,2025-05,3478.0,MAIN FILTER KIT
1153,IF000504,2025-05,2608.0,"OIL SEAL, FR HUB WHEEL"
1153,IM300205,2025-05,10620.0,EICHER PREMIUM COOLANT
1153,MB293356,2025-05,2080.0,HEX BOLT 12 X1.25 X 30  (10
1153,MB344408,2025-05,3180.0,CLIP TRIM
1153,MB394519,2025-05,1900.0,KNOB INSIDE LOCK
1153,MB486038,2025-05,2380.0,BALL JOINT G/SHF CONT.LINK
1153,ME013536,2025-05,2296.0,GASKET EXHAUST MANIFOLD
1153,ME020244,2025-05,2240.0,CAP VALVE GEAR TRAIN
1153,ME074696,2025-05,4128.0,"SEAL, VALVE STEM"
1153,ME603242,2025-05,1626.0,"ME603242, RING SYNCHRONIZER"
1153,MF140225,2025-05,1620.0,BOLT M8x1.25x20
1153,MF434103,2025-05,1650.0,FLANGE NUT M-6
1153,MF434104,2025-05,2490.0,NUT FL. M8X1.25
1153,MF434105,2025-05,2940.0,NUT FL. M10x1.25
1153,MF445086,2025-05,7120.0,NUT SELF LOCKING 12
1153,MF472103,2025-05,3480.0,SPLIT PIN (5X45)
1153,MF472127,2025-05,1920.0,SPLIT PIN
1153,MH001715,2025-05,1540.0,"MH001715, BOLT"
1153,MS602013,2025-05,1210.0,HOSE FUEL 6X110
1153,MS660163,2025-05,1800.0,HOSE CLIP (11.6)
1153,MS660164,2025-05,1920.0,HOSE CLIP (13.1)
1153,ID376839,2025-05,3527.0,SERVICE KIT OIL FILTER & O RING
1153,ID329244,2025-05,3110.0,VALVE STEM SEAL
1153,IA203036,2025-06,1590.0,"GASKET,REAR AXLE SHAFT (LCV)"
1153,IA203086,2025-06,1790.0,GASKET REAR AXLE SHAFT (HCV)
1153,IA208182,2025-06,2108.0,"CAP, FUEL TANK (HCV)"
1153,IA215142,2025-06,2005.0,"OIL SEAL,HUB REAR OUTER WHEEL"
1153,IA215577,2025-06,2521.0,"OIL SEAL,HUB REAR OUTER WHEEL (MCV)"
1153,IA215578,2025-06,1179.0,OIL SEAL HUB REAR OUTER (HCV)
1153,IA230267,2025-06,1194.0,HUB BOLT KIT REAR 10.90
1153,IA301086,2025-06,0.0,WHEEL NUT ASSY (HCV/MAV)(SIZE- A/F - 32)
1153,IA329978,2025-06,1800.0,PLASTIC CLIP.
1153,IB002922,2025-06,1828.0,ELEMENT KIT OIL FILTER
1153,IB999501,2025-06,1583.0,GEAR BOX BUSHING KIT
1153,IB999850,2025-06,4545.0,FILTER SET E483
1153,ID201024,2025-06,1941.0,BY PASS FILTER
1153,ID202167,2025-06,1534.0,CAP RADIATOR (TC)
1153,ID205077,2025-06,1887.0,CABLE ACCELERATOR (1090 K CNG)
1153,ID301958,2025-06,1741.0,FUEL STRAINER (MAV COWL)
1153,ID309786,2025-06,3528.0,VALVE STEM SEAL
1153,ID334315,2025-06,2835.0,MAIN FILTER KIT
1153,IF000504,2025-06,1313.0,"OIL SEAL, FR HUB WHEEL"
1153,IM300205,2025-06,7580.0,EICHER PREMIUM COOLANT
1153,MB293356,2025-06,1890.0,HEX BOLT 12 X1.25 X 30  (10
1153,MB344408,2025-06,2780.0,CLIP TRIM
1153,MB394519,2025-06,1780.0,KNOB INSIDE LOCK
1153,MB486038,2025-06,2580.0,BALL JOINT G/SHF CONT.LINK
1153,ME013536,2025-06,1756.0,GASKET EXHAUST MANIFOLD
1153,ME020244,2025-06,1816.0,CAP VALVE GEAR TRAIN
1153,ME074696,2025-06,2776.0,"SEAL, VALVE STEM"
1153,ME603242,2025-06,1462.0,"ME603242, RING SYNCHRONIZER"
1153,MF140225,2025-06,2250.0,BOLT M8x1.25x20
1153,MF434103,2025-06,3330.0,FLANGE NUT M-6
1153,MF434104,2025-06,3090.0,NUT FL. M8X1.25
1153,MF434105,2025-06,2160.0,NUT FL. M10x1.25
1153,MF445086,2025-06,5800.0,NUT SELF LOCKING 12
1153,MF472103,2025-06,2850.0,SPLIT PIN (5X45)
1153,MF472127,2025-06,1620.0,SPLIT PIN
1153,MH001715,2025-06,1310.0,"MH001715, BOLT"
1153,MS602013,2025-06,1070.0,HOSE FUEL 6X110
1153,MS660163,2025-06,1860.0,HOSE CLIP (11.6)
1153,MS660164,2025-06,2040.0,HOSE CLIP (13.1)
1153,ID376839,2025-06,2629.0,SERVICE KIT OIL FILTER & O RING
1153,ID329244,2025-06,3540.0,VALVE STEM SEAL
1153,IA203036,2025-07,1360.0,"GASKET,REAR AXLE SHAFT (LCV)"
1153,IA203086,2025-07,1260.0,GASKET REAR AXLE SHAFT (HCV)
1153,IA208182,2025-07,2519.0,"CAP, FUEL TANK (HCV)"
1153,IA215142,2025-07,1602.0,"OIL SEAL,HUB REAR OUTER WHEEL"
1153,IA215577,2025-07,2179.0,"OIL SEAL,HUB REAR OUTER WHEEL (MCV)"
1153,IA215578,2025-07,1275.0,OIL SEAL HUB REAR OUTER (HCV)
1153,IA230267,2025-07,1170.0,HUB BOLT KIT REAR 10.90
1153,IA301086,2025-07,0.0,WHEEL NUT ASSY (HCV/MAV)(SIZE- A/F - 32)
1153,IA329978,2025-07,2910.0,PLASTIC CLIP.
1153,IB002922,2025-07,1898.0,ELEMENT KIT OIL FILTER
1153,IB999501,2025-07,1791.0,GEAR BOX BUSHING KIT
1153,IB999850,2025-07,4224.0,FILTER SET E483
1153,ID201024,2025-07,1765.0,BY PASS FILTER
1153,ID202167,2025-07,1627.0,CAP RADIATOR (TC)
1153,ID205077,2025-07,1584.0,CABLE ACCELERATOR (1090 K CNG)
1153,ID301958,2025-07,1803.0,FUEL STRAINER (MAV COWL)
1153,ID309786,2025-07,3280.0,VALVE STEM SEAL
1153,ID334315,2025-07,3184.0,MAIN FILTER KIT
1153,IF000504,2025-07,1224.0,"OIL SEAL, FR HUB WHEEL"
1153,IM300205,2025-07,8240.0,EICHER PREMIUM COOLANT
1153,MB293356,2025-07,2150.0,HEX BOLT 12 X1.25 X 30  (10
1153,MB344408,2025-07,2660.0,CLIP TRIM
1153,MB394519,2025-07,1700.0,KNOB INSIDE LOCK
1153,MB486038,2025-07,2440.0,BALL JOINT G/SHF CONT.LINK
1153,ME013536,2025-07,2060.0,GASKET EXHAUST MANIFOLD
1153,ME020244,2025-07,2136.0,CAP VALVE GEAR TRAIN
1153,ME074696,2025-07,2368.0,"SEAL, VALVE STEM"
1153,ME603242,2025-07,1534.0,"ME603242, RING SYNCHRONIZER"
1153,MF140225,2025-07,3450.0,BOLT M8x1.25x20
1153,MF434103,2025-07,2760.0,FLANGE NUT M-6
1153,MF434104,2025-07,3630.0,NUT FL. M8X1.25
1153,MF434105,2025-07,3510.0,NUT FL. M10x1.25
1153,MF445086,2025-07,7020.0,NUT SELF LOCKING 12
1153,MF472103,2025-07,3510.0,SPLIT PIN (5X45)
1153,MF472127,2025-07,2370.0,SPLIT PIN
1153,MH001715,2025-07,1970.0,"MH001715, BOLT"
1153,MS602013,2025-07,1531.0,HOSE FUEL 6X110
1153,MS660163,2025-07,2100.0,HOSE CLIP (11.6)
1153,MS660164,2025-07,1530.0,HOSE CLIP (13.1)
1153,ID376839,2025-07,2546.0,SERVICE KIT OIL FILTER & O RING
1153,ID329244,2025-07,3350.0,VALVE STEM SEAL
1153,IA203036,2025-08,1430.0,"GASKET,REAR AXLE SHAFT (LCV)"
1153,IA203086,2025-08,1310.0,GASKET REAR AXLE SHAFT (HCV)
1153,IA208182,2025-08,2231.0,"CAP, FUEL TANK (HCV)"
1153,IA215142,2025-08,1856.0,"OIL SEAL,HUB REAR OUTER WHEEL"
1153,IA215577,2025-08,2546.0,"OIL SEAL,HUB REAR OUTER WHEEL (MCV)"
1153,IA215578,2025-08,1296.0,OIL SEAL HUB REAR OUTER (HCV)
1153,IA230267,2025-08,1215.0,HUB BOLT KIT REAR 10.90
1153,IA301086,2025-08,0.0,WHEEL NUT ASSY (HCV/MAV)(SIZE- A/F - 32)
1153,IA329978,2025-08,2340.0,PLASTIC CLIP.
1153,IB002922,2025-08,1771.0,ELEMENT KIT OIL FILTER
1153,IB999501,2025-08,1703.0,GEAR BOX BUSHING KIT
1153,IB999850,2025-08,4782.0,FILTER SET E483
1153,ID201024,2025-08,1729.0,BY PASS FILTER
1153,ID202167,2025-08,1821.0,CAP RADIATOR (TC)
1153,ID205077,2025-08,1868.0,CABLE ACCELERATOR (1090 K CNG)
1153,ID301958,2025-08,1662.0,FUEL STRAINER (MAV COWL)
1153,ID309786,2025-08,3208.0,VALVE STEM SEAL
1153,ID334315,2025-08,2957.0,MAIN FILTER KIT
1153,IF000504,2025-08,1435.0,"OIL SEAL, FR HUB WHEEL"
1153,IM300205,2025-08,7880.0,EICHER PREMIUM COOLANT
1153,MB293356,2025-08,1880.0,HEX BOLT 12 X1.25 X 30  (10
1153,MB344408,2025-08,5069.0,CLIP TRIM
1153,MB394519,2025-08,1700.0,KNOB INSIDE LOCK
1153,MB486038,2025-08,2160.0,BALL JOINT G/SHF CONT.LINK
1153,ME013536,2025-08,2192.0,GASKET EXHAUST MANIFOLD
1153,ME020244,2025-08,1640.0,CAP VALVE GEAR TRAIN
1153,ME074696,2025-08,3544.0,"SEAL, VALVE STEM"
1153,ME603242,2025-08,1716.0,"ME603242, RING SYNCHRONIZER"
1153,MF140225,2025-08,2490.0,BOLT M8x1.25x20
1153,MF434103,2025-08,3210.0,FLANGE NUT M-6
1153,MF434104,2025-08,3360.0,NUT FL. M8X1.25
1153,MF434105,2025-08,2400.0,NUT FL. M10x1.25
1153,MF445086,2025-08,7220.0,NUT SELF LOCKING 12
1153,MF472103,2025-08,3180.0,SPLIT PIN (5X45)
1153,MF472127,2025-08,2760.0,SPLIT PIN
1153,MH001715,2025-08,1725.0,"MH001715, BOLT"
1153,MS602013,2025-08,1860.0,HOSE FUEL 6X110
1153,MS660163,2025-08,1740.0,HOSE CLIP (11.6)
1153,MS660164,2025-08,2070.0,HOSE CLIP (13.1)
1153,ID376839,2025-08,2475.0,SERVICE KIT OIL FILTER & O RING
1153,ID329244,2025-08,3220.0,VALVE STEM SEAL
1153,IA203036,2025-09,1400.0,"GASKET,REAR AXLE SHAFT (LCV)"
1153,IA203086,2025-09,1370.0,GASKET REAR AXLE SHAFT (HCV)
1153,IA208182,2025-09,1990.0,"CAP, FUEL TANK (HCV)"
1153,IA215142,2025-09,1747.0,"OIL SEAL,HUB REAR OUTER WHEEL"
1153,IA215577,2025-09,2267.0,"OIL SEAL,HUB REAR OUTER WHEEL (MCV)"
1153,IA215578,2025-09,1216.0,OIL SEAL HUB REAR OUTER (HCV)
1153,IA230267,2025-09,1088.0,HUB BOLT KIT REAR 10.90
1153,IA301086,2025-09,0.0,WHEEL NUT ASSY (HCV/MAV)(SIZE- A/F - 32)
1153,IA329978,2025-09,2700.0,PLASTIC CLIP.
1153,IB002922,2025-09,1651.0,ELEMENT KIT OIL FILTER
1153,IB999501,2025-09,1601.0,GEAR BOX BUSHING KIT
1153,IB999850,2025-09,3442.0,FILTER SET E483
1153,ID201024,2025-09,1564.0,BY PASS FILTER
1153,ID202167,2025-09,1396.0,CAP RADIATOR (TC)
1153,ID205077,2025-09,1425.0,CABLE ACCELERATOR (1090 K CNG)
1153,ID301958,2025-09,1374.0,FUEL STRAINER (MAV COWL)
1153,ID309786,2025-09,3064.0,VALVE STEM SEAL
1153,ID334315,2025-09,3230.0,MAIN FILTER KIT
1153,IF000504,2025-09,1389.0,"OIL SEAL, FR HUB WHEEL"
1153,IM300205,2025-09,7760.0,EICHER PREMIUM COOLANT
1153,MB293356,2025-09,1480.0,HEX BOLT 12 X1.25 X 30  (10
1153,MB344408,2025-09,4080.0,CLIP TRIM
1153,MB394519,2025-09,1640.0,KNOB INSIDE LOCK
1153,MB486038,2025-09,2130.0,BALL JOINT G/SHF CONT.LINK
1153,ME013536,2025-09,1780.0,GASKET EXHAUST MANIFOLD
1153,ME020244,2025-09,1304.0,CAP VALVE GEAR TRAIN
1153,ME074696,2025-09,3280.0,"SEAL, VALVE STEM"
1153,ME603242,2025-09,1627.0,"ME603242, RING SYNCHRONIZER"
1153,MF140225,2025-09,2070.0,BOLT M8x1.25x20
1153,MF434103,2025-09,2370.0,FLANGE NUT M-6
1153,MF434104,2025-09,3150.0,NUT FL. M8X1.25
1153,MF434105,2025-09,2820.0,NUT FL. M10x1.25
1153,MF445086,2025-09,5590.0,NUT SELF LOCKING 12
1153,MF472103,2025-09,2790.0,SPLIT PIN (5X45)
1153,MF472127,2025-09,1920.0,SPLIT PIN
1153,MH001715,2025-09,1730.0,"MH001715, BOLT"
1153,MS602013,2025-09,920.0,HOSE FUEL 6X110
1153,MS660163,2025-09,1740.0,HOSE CLIP (11.6)
1153,MS660164,2025-09,2070.0,HOSE CLIP (13.1)
1153,ID376839,2025-09,2827.0,SERVICE KIT OIL FILTER & O RING
1153,ID329244,2025-09,3020.0,VALVE STEM SEAL
1153,IA203036,2025-10,880.0,"GASKET,REAR AXLE SHAFT (LCV)"
1153,IA203086,2025-10,1510.0,GASKET REAR AXLE SHAFT (HCV)
1153,IA208182,2025-10,1850.0,"CAP, FUEL TANK (HCV)"
1153,IA215142,2025-10,1603.0,"OIL SEAL,HUB REAR OUTER WHEEL"
1153,IA215577,2025-10,2322.0,"OIL SEAL,HUB REAR OUTER WHEEL (MCV)"
1153,IA215578,2025-10,1225.0,OIL SEAL HUB REAR OUTER (HCV)
1153,IA230267,2025-10,1270.0,HUB BOLT KIT REAR 10.90
1153,IA301086,2025-10,0.0,WHEEL NUT ASSY (HCV/MAV)(SIZE- A/F - 32)
1153,IA329978,2025-10,2220.0,PLASTIC CLIP.
1153,IB002922,2025-10,1563.0,ELEMENT KIT OIL FILTER
1153,IB999501,2025-10,1760.0,GEAR BOX BUSHING KIT
1153,IB999850,2025-10,4105.0,FILTER SET E483
1153,ID201024,2025-10,1511.0,BY PASS FILTER
1153,ID202167,2025-10,1434.0,CAP RADIATOR (TC)
1153,ID205077,2025-10,1707.0,CABLE ACCELERATOR (1090 K CNG)
1153,ID301958,2025-10,1451.0,FUEL STRAINER (MAV COWL)
1153,ID309786,2025-10,2696.0,VALVE STEM SEAL
1153,ID334315,2025-10,3046.0,MAIN FILTER KIT
1153,IF000504,2025-10,1375.0,"OIL SEAL, FR HUB WHEEL"
1153,IM300205,2025-10,7780.0,EICHER PREMIUM COOLANT
1153,MB293356,2025-10,1350.0,HEX BOLT 12 X1.25 X 30  (10
1153,MB344408,2025-10,3560.0,CLIP TRIM
1153,MB394519,2025-10,1960.0,KNOB INSIDE LOCK
1153,MB486038,2025-10,2210.0,BALL JOINT G/SHF CONT.LINK
1153,ME013536,2025-10,2060.0,GASKET EXHAUST MANIFOLD
1153,ME020244,2025-10,1672.0,CAP VALVE GEAR TRAIN
1153,ME074696,2025-10,2592.0,"SEAL, VALVE STEM"
1153,ME603242,2025-10,1464.0,"ME603242, RING SYNCHRONIZER"
1153,MF140225,2025-10,2130.0,BOLT M8x1.25x20
1153,MF434103,2025-10,2610.0,FLANGE NUT M-6
1153,MF434104,2025-10,3030.0,NUT FL. M8X1.25
1153,MF434105,2025-10,2940.0,NUT FL. M10x1.25
1153,MF445086,2025-10,6555.0,NUT SELF LOCKING 12
1153,MF472103,2025-10,1890.0,SPLIT PIN (5X45)
1153,MF472127,2025-10,2070.0,SPLIT PIN
1153,MH001715,2025-10,1315.0,"MH001715, BOLT"
1153,MS602013,2025-10,1500.0,HOSE FUEL 6X110
1153,MS660163,2025-10,1260.0,HOSE CLIP (11.6)
1153,MS660164,2025-10,2310.0,HOSE CLIP (13.1)
1153,ID376839,2025-10,2562.0,SERVICE KIT OIL FILTER & O RING
1153,ID329244,2025-10,3360.0,VALVE STEM SEAL
1153,IA203036,2025-11,1520.0,"GASKET,REAR AXLE SHAFT (LCV)"
1153,IA203086,2025-11,1710.0,GASKET REAR AXLE SHAFT (HCV)
1153,IA208182,2025-11,2152.0,"CAP, FUEL TANK (HCV)"
1153,IA215142,2025-11,1904.0,"OIL SEAL,HUB REAR OUTER WHEEL"
1153,IA215577,2025-11,2453.0,"OIL SEAL,HUB REAR OUTER WHEEL (MCV)"
1153,IA215578,2025-11,1295.0,OIL SEAL HUB REAR OUTER (HCV)
1153,IA230267,2025-11,1405.0,HUB BOLT KIT REAR 10.90
1153,IA301086,2025-11,0.0,WHEEL NUT ASSY (HCV/MAV)(SIZE- A/F - 32)
1153,IA329978,2025-11,2490.0,PLASTIC CLIP.
1153,IB002922,2025-11,2335.0,ELEMENT KIT OIL FILTER
1153,IB999501,2025-11,1862.0,GEAR BOX BUSHING KIT
1153,IB999850,2025-11,5203.0,FILTER SET E483
1153,ID201024,2025-11,2149.0,BY PASS FILTER
1153,ID202167,2025-11,1871.0,CAP RADIATOR (TC)
1153,ID205077,2025-11,2117.0,CABLE ACCELERATOR (1090 K CNG)
1153,ID301958,2025-11,2006.0,FUEL STRAINER (MAV COWL)
1153,ID309786,2025-11,3984.0,VALVE STEM SEAL
1153,ID334315,2025-11,3971.0,MAIN FILTER KIT
1153,IF000504,2025-11,1600.0,"OIL SEAL, FR HUB WHEEL"
1153,IM300205,2025-11,9380.0,EICHER PREMIUM COOLANT
1153,MB293356,2025-11,1550.0,HEX BOLT 12 X1.25 X 30  (10
1153,MB344408,2025-11,2040.0,CLIP TRIM
1153,MB394519,2025-11,1240.0,KNOB INSIDE LOCK
1153,MB486038,2025-11,2475.0,BALL JOINT G/SHF CONT.LINK
1153,ME013536,2025-11,2280.0,GASKET EXHAUST MANIFOLD
1153,ME020244,2025-11,1416.0,CAP VALVE GEAR TRAIN
1153,ME074696,2025-11,2568.0,"SEAL, VALVE STEM"
1153,ME603242,2025-11,1830.0,"ME603242, RING SYNCHRONIZER"
1153,MF140225,2025-11,1650.0,BOLT M8x1.25x20
1153,MF434103,2025-11,1590.0,FLANGE NUT M-6
1153,MF434104,2025-11,1770.0,NUT FL. M8X1.25
1153,MF434105,2025-11,2790.0,NUT FL. M10x1.25
1153,MF445086,2025-11,3530.0,NUT SELF LOCKING 12
1153,MF472103,2025-11,3600.0,SPLIT PIN (5X45)
1153,MF472127,2025-11,1890.0,SPLIT PIN
1153,MH001715,2025-11,2230.0,"MH001715, BOLT"
1153,MS602013,2025-11,1520.0,HOSE FUEL 6X110
1153,MS660163,2025-11,1080.0,HOSE CLIP (11.6)
1153,MS660164,2025-11,1410.0,HOSE CLIP (13.1)
1153,ID376839,2025-11,3268.0,SERVICE KIT OIL FILTER & O RING
1153,ID329244,2025-11,3930.0,VALVE STEM SEAL
1153,IA203036,2025-12,1420.0,"GASKET,REAR AXLE SHAFT (LCV)"
1153,IA203086,2025-12,1180.0,GASKET REAR AXLE SHAFT (HCV)
1153,IA208182,2025-12,1893.0,"CAP, FUEL TANK (HCV)"
1153,IA215142,2025-12,1802.0,"OIL SEAL,HUB REAR OUTER WHEEL"
1153,IA215577,2025-12,2433.0,"OIL SEAL,HUB REAR OUTER WHEEL (MCV)"
1153,IA215578,2025-12,1274.0,OIL SEAL HUB REAR OUTER (HCV)
1153,IA230267,2025-12,976.0,HUB BOLT KIT REAR 10.90
1153,IA301086,2025-12,0.0,WHEEL NUT ASSY (HCV/MAV)(SIZE- A/F - 32)
1153,IA329978,2025-12,2250.0,PLASTIC CLIP.
1153,IB002922,2025-12,1819.0,ELEMENT KIT OIL FILTER
1153,IB999501,2025-12,1732.0,GEAR BOX BUSHING KIT
1153,IB999850,2025-12,4210.0,FILTER SET E483
1153,ID201024,2025-12,1966.0,BY PASS FILTER
1153,ID202167,2025-12,1526.0,CAP RADIATOR (TC)
1153,ID205077,2025-12,943.0,CABLE ACCELERATOR (1090 K CNG)
1153,ID301958,2025-12,1693.0,FUEL STRAINER (MAV COWL)
1153,ID309786,2025-12,4024.0,VALVE STEM SEAL
1153,ID334315,2025-12,3701.0,MAIN FILTER KIT
1153,IF000504,2025-12,1502.0,"OIL SEAL, FR HUB WHEEL"
1153,IM300205,2025-12,10740.0,EICHER PREMIUM COOLANT
1153,MB293356,2025-12,2300.0,HEX BOLT 12 X1.25 X 30  (10
1153,MB344408,2025-12,5020.0,CLIP TRIM
1153,MB394519,2025-12,1700.0,KNOB INSIDE LOCK
1153,MB486038,2025-12,2325.0,BALL JOINT G/SHF CONT.LINK
1153,ME013536,2025-12,1828.0,GASKET EXHAUST MANIFOLD
1153,ME020244,2025-12,1920.0,CAP VALVE GEAR TRAIN
1153,ME074696,2025-12,3840.0,"SEAL, VALVE STEM"
1153,ME603242,2025-12,1634.0,"ME603242, RING SYNCHRONIZER"
1153,MF140225,2025-12,2100.0,BOLT M8x1.25x20
1153,MF434103,2025-12,2760.0,FLANGE NUT M-6
1153,MF434104,2025-12,3990.0,NUT FL. M8X1.25
1153,MF434105,2025-12,3000.0,NUT FL. M10x1.25
1153,MF445086,2025-12,7730.0,NUT SELF LOCKING 12
1153,MF472103,2025-12,3390.0,SPLIT PIN (5X45)
1153,MF472127,2025-12,1920.0,SPLIT PIN
1153,MH001715,2025-12,1810.0,"MH001715, BOLT"
1153,MS602013,2025-12,1650.0,HOSE FUEL 6X110
1153,MS660163,2025-12,2100.0,HOSE CLIP (11.6)
1153,MS660164,2025-12,2070.0,HOSE CLIP (13.1)
1153,ID376839,2025-12,3094.0,SERVICE KIT OIL FILTER & O RING
1153,ID329244,2025-12,3490.0,VALVE STEM SEAL
1153,IA203036,2026-01,1140.0,"GASKET,REAR AXLE SHAFT (LCV)"
1153,IA203086,2026-01,990.0,GASKET REAR AXLE SHAFT (HCV)
1153,IA208182,2026-01,1697.0,"CAP, FUEL TANK (HCV)"
1153,IA215142,2026-01,1628.0,"OIL SEAL,HUB REAR OUTER WHEEL"
1153,IA215577,2026-01,1996.0,"OIL SEAL,HUB REAR OUTER WHEEL (MCV)"
1153,IA215578,2026-01,1031.0,OIL SEAL HUB REAR OUTER (HCV)
1153,IA230267,2026-01,1243.0,HUB BOLT KIT REAR 10.90
1153,IA301086,2026-01,0.0,WHEEL NUT ASSY (HCV/MAV)(SIZE- A/F - 32)
1153,IA329978,2026-01,2610.0,PLASTIC CLIP.
1153,IB002922,2026-01,1856.0,ELEMENT KIT OIL FILTER
1153,IB999501,2026-01,1684.0,GEAR BOX BUSHING KIT
1153,IB999850,2026-01,3910.0,FILTER SET E483
1153,ID201024,2026-01,1818.0,BY PASS FILTER
1153,ID202167,2026-01,1322.0,CAP RADIATOR (TC)
1153,ID205077,2026-01,2030.0,CABLE ACCELERATOR (1090 K CNG)
1153,ID301958,2026-01,1381.0,FUEL STRAINER (MAV COWL)
1153,ID309786,2026-01,3472.0,VALVE STEM SEAL
1153,ID334315,2026-01,3380.0,MAIN FILTER KIT
1153,IF000504,2026-01,1343.0,"OIL SEAL, FR HUB WHEEL"
1153,IM300205,2026-01,8100.0,EICHER PREMIUM COOLANT
1153,MB293356,2026-01,1500.0,HEX BOLT 12 X1.25 X 30  (10
1153,MB344408,2026-01,3000.0,CLIP TRIM
1153,MB394519,2026-01,1620.0,KNOB INSIDE LOCK
1153,MB486038,2026-01,2365.0,BALL JOINT G/SHF CONT.LINK
1153,ME013536,2026-01,1852.0,GASKET EXHAUST MANIFOLD
1153,ME020244,2026-01,1120.0,CAP VALVE GEAR TRAIN
1153,ME074696,2026-01,2472.0,"SEAL, VALVE STEM"
1153,ME603242,2026-01,1500.0,"ME603242, RING SYNCHRONIZER"
1153,MF140225,2026-01,2250.0,BOLT M8x1.25x20
1153,MF434103,2026-01,3300.0,FLANGE NUT M-6
1153,MF434104,2026-01,3060.0,NUT FL. M8X1.25
1153,MF434105,2026-01,2760.0,NUT FL. M10x1.25
1153,MF445086,2026-01,6850.0,NUT SELF LOCKING 12
1153,MF472103,2026-01,2760.0,SPLIT PIN (5X45)
1153,MF472127,2026-01,1560.0,SPLIT PIN
1153,MH001715,2026-01,1950.0,"MH001715, BOLT"
1153,MS602013,2026-01,1530.0,HOSE FUEL 6X110
1153,MS660163,2026-01,1680.0,HOSE CLIP (11.6)
1153,MS660164,2026-01,1590.0,HOSE CLIP (13.1)
1153,ID376839,2026-01,2953.0,SERVICE KIT OIL FILTER & O RING
1153,ID329244,2026-01,4010.0,VALVE STEM SEAL
1153,IA203036,2026-02,1080.0,"GASKET,REAR AXLE SHAFT (LCV)"
1153,IA203086,2026-02,1200.0,GASKET REAR AXLE SHAFT (HCV)
1153,IA208182,2026-02,1874.0,"CAP, FUEL TANK (HCV)"
1153,IA215142,2026-02,1305.0,"OIL SEAL,HUB REAR OUTER WHEEL"
1153,IA215577,2026-02,1985.0,"OIL SEAL,HUB REAR OUTER WHEEL (MCV)"
1153,IA215578,2026-02,1238.0,OIL SEAL HUB REAR OUTER (HCV)
1153,IA230267,2026-02,864.0,HUB BOLT KIT REAR 10.90
1153,IA301086,2026-02,0.0,WHEEL NUT ASSY (HCV/MAV)(SIZE- A/F - 32)
1153,IA329978,2026-02,2010.0,PLASTIC CLIP.
1153,IB002922,2026-02,1589.0,ELEMENT KIT OIL FILTER
1153,IB999501,2026-02,1614.0,GEAR BOX BUSHING KIT
1153,IB999850,2026-02,3995.0,FILTER SET E483
1153,ID201024,2026-02,1699.0,BY PASS FILTER
1153,ID202167,2026-02,1754.0,CAP RADIATOR (TC)
1153,ID205077,2026-02,1484.0,CABLE ACCELERATOR (1090 K CNG)
1153,ID301958,2026-02,1585.0,FUEL STRAINER (MAV COWL)
1153,ID309786,2026-02,2304.0,VALVE STEM SEAL
1153,ID334315,2026-02,3316.0,MAIN FILTER KIT
1153,IF000504,2026-02,1327.0,"OIL SEAL, FR HUB WHEEL"
1153,IM300205,2026-02,8660.0,EICHER PREMIUM COOLANT
1153,MB293356,2026-02,1690.0,HEX BOLT 12 X1.25 X 30  (10
1153,MB344408,2026-02,2900.0,CLIP TRIM
1153,MB394519,2026-02,1620.0,KNOB INSIDE LOCK
1153,MB486038,2026-02,2245.0,BALL JOINT G/SHF CONT.LINK
1153,ME013536,2026-02,2064.0,GASKET EXHAUST MANIFOLD
1153,ME020244,2026-02,2040.0,CAP VALVE GEAR TRAIN
1153,ME074696,2026-02,2416.0,"SEAL, VALVE STEM"
1153,ME603242,2026-02,1669.0,"ME603242, RING SYNCHRONIZER"
1153,MF140225,2026-02,2040.0,BOLT M8x1.25x20
1153,MF434103,2026-02,2340.0,FLANGE NUT M-6
1153,MF434104,2026-02,3300.0,NUT FL. M8X1.25
1153,MF434105,2026-02,3090.0,NUT FL. M10x1.25
1153,MF445086,2026-02,6540.0,NUT SELF LOCKING 12
1153,MF472103,2026-02,3150.0,SPLIT PIN (5X45)
1153,MF472127,2026-02,2670.0,SPLIT PIN
1153,MH001715,2026-02,1270.0,"MH001715, BOLT"
1153,MS602013,2026-02,1540.0,HOSE FUEL 6X110
1153,MS660163,2026-02,2010.0,HOSE CLIP (11.6)
1153,MS660164,2026-02,1890.0,HOSE CLIP (13.1)
1153,ID376839,2026-02,3280.0,SERVICE KIT OIL FILTER & O RING
1153,ID329244,2026-02,4960.0,VALVE STEM SEAL
1153,IA203036,2026-03,1400.0,"GASKET,REAR AXLE SHAFT (LCV)"
1153,IA203086,2026-03,1300.0,GASKET REAR AXLE SHAFT (HCV)
1153,IA208182,2026-03,2807.0,"CAP, FUEL TANK (HCV)"
1153,IA215142,2026-03,1965.0,"OIL SEAL,HUB REAR OUTER WHEEL"
1153,IA215577,2026-03,2510.0,"OIL SEAL,HUB REAR OUTER WHEEL (MCV)"
1153,IA215578,2026-03,1014.0,OIL SEAL HUB REAR OUTER (HCV)
1153,IA230267,2026-03,1266.0,HUB BOLT KIT REAR 10.90
1153,IA301086,2026-03,0.0,WHEEL NUT ASSY (HCV/MAV)(SIZE- A/F - 32)
1153,IA329978,2026-03,1710.0,PLASTIC CLIP.
1153,IB002922,2026-03,1871.0,ELEMENT KIT OIL FILTER
1153,IB999501,2026-03,1691.0,GEAR BOX BUSHING KIT
1153,IB999850,2026-03,3946.0,FILTER SET E483
1153,ID201024,2026-03,1946.0,BY PASS FILTER
1153,ID202167,2026-03,2240.0,CAP RADIATOR (TC)
1153,ID205077,2026-03,1388.0,CABLE ACCELERATOR (1090 K CNG)
1153,ID301958,2026-03,1666.0,FUEL STRAINER (MAV COWL)
1153,ID309786,2026-03,3256.0,VALVE STEM SEAL
1153,ID334315,2026-03,4153.0,MAIN FILTER KIT
1153,IF000504,2026-03,1545.0,"OIL SEAL, FR HUB WHEEL"
1153,IM300205,2026-03,10820.0,EICHER PREMIUM COOLANT
1153,MB293356,2026-03,1560.0,HEX BOLT 12 X1.25 X 30  (10
1153,MB344408,2026-03,3480.0,CLIP TRIM
1153,MB394519,2026-03,1720.0,KNOB INSIDE LOCK
1153,MB486038,2026-03,2500.0,BALL JOINT G/SHF CONT.LINK
1153,ME013536,2026-03,1920.0,GASKET EXHAUST MANIFOLD
1153,ME020244,2026-03,2072.0,CAP VALVE GEAR TRAIN
1153,ME074696,2026-03,2792.0,"SEAL, VALVE STEM"
1153,ME603242,2026-03,1665.0,"ME603242, RING SYNCHRONIZER"
1153,MF140225,2026-03,1440.0,BOLT M8x1.25x20
1153,MF434103,2026-03,1920.0,FLANGE NUT M-6
1153,MF434104,2026-03,2790.0,NUT FL. M8X1.25
1153,MF434105,2026-03,2790.0,NUT FL. M10x1.25
1153,MF445086,2026-03,7030.0,NUT SELF LOCKING 12
1153,MF472103,2026-03,2970.0,SPLIT PIN (5X45)
1153,MF472127,2026-03,2670.0,SPLIT PIN
1153,MH001715,2026-03,1720.0,"MH001715, BOLT"
1153,MS602013,2026-03,1850.0,HOSE FUEL 6X110
1153,MS660163,2026-03,2790.0,HOSE CLIP (11.6)
1153,MS660164,2026-03,2340.0,HOSE CLIP (13.1)
1153,ID376839,2026-03,3363.0,SERVICE KIT OIL FILTER & O RING
1153,ID329244,2026-03,3990.0,VALVE STEM SEAL
1153,IA203036,2026-04,1870.0,"GASKET,REAR AXLE SHAFT (LCV)"
1153,IA203086,2026-04,1230.0,GASKET REAR AXLE SHAFT (HCV)
1153,IA208182,2026-04,1698.0,"CAP, FUEL TANK (HCV)"
1153,IA215142,2026-04,2271.0,"OIL SEAL,HUB REAR OUTER WHEEL"
1153,IA215577,2026-04,2890.0,"OIL SEAL,HUB REAR OUTER WHEEL (MCV)"
1153,IA215578,2026-04,1000.0,OIL SEAL HUB REAR OUTER (HCV)
1153,IA230267,2026-04,1045.0,HUB BOLT KIT REAR 10.90
1153,IA301086,2026-04,0.0,WHEEL NUT ASSY (HCV/MAV)(SIZE- A/F - 32)
1153,IA329978,2026-04,1890.0,PLASTIC CLIP.
1153,IB002922,2026-04,1839.0,ELEMENT KIT OIL FILTER
1153,IB999501,2026-04,1343.0,GEAR BOX BUSHING KIT
1153,IB999850,2026-04,4367.0,FILTER SET E483
1153,ID201024,2026-04,1730.0,BY PASS FILTER
1153,ID202167,2026-04,1687.0,CAP RADIATOR (TC)
1153,ID205077,2026-04,1143.0,CABLE ACCELERATOR (1090 K CNG)
1153,ID301958,2026-04,1527.0,FUEL STRAINER (MAV COWL)
1153,ID309786,2026-04,3016.0,VALVE STEM SEAL
1153,ID334315,2026-04,4103.0,MAIN FILTER KIT
1153,IF000504,2026-04,1853.0,"OIL SEAL, FR HUB WHEEL"
1153,IM300205,2026-04,9160.0,EICHER PREMIUM COOLANT
1153,MB293356,2026-04,1560.0,HEX BOLT 12 X1.25 X 30  (10
1153,MB344408,2026-04,2840.0,CLIP TRIM
1153,MB394519,2026-04,1120.0,KNOB INSIDE LOCK
1153,MB486038,2026-04,1855.0,BALL JOINT G/SHF CONT.LINK
1153,ME013536,2026-04,1680.0,GASKET EXHAUST MANIFOLD
1153,ME020244,2026-04,1928.0,CAP VALVE GEAR TRAIN
1153,ME074696,2026-04,2856.0,"SEAL, VALVE STEM"
1153,ME603242,2026-04,1371.0,"ME603242, RING SYNCHRONIZER"
1153,MF140225,2026-04,2010.0,BOLT M8x1.25x20
1153,MF434103,2026-04,3750.0,FLANGE NUT M-6
1153,MF434104,2026-04,3300.0,NUT FL. M8X1.25
1153,MF434105,2026-04,3570.0,NUT FL. M10x1.25
1153,MF445086,2026-04,4605.0,NUT SELF LOCKING 12
1153,MF472103,2026-04,4050.0,SPLIT PIN (5X45)
1153,MF472127,2026-04,2340.0,SPLIT PIN
1153,MH001715,2026-04,1110.0,"MH001715, BOLT"
1153,MS602013,2026-04,1280.0,HOSE FUEL 6X110
1153,MS660163,2026-04,1830.0,HOSE CLIP (11.6)
1153,MS660164,2026-04,1980.0,HOSE CLIP (13.1)
1153,ID376839,2026-04,4235.0,SERVICE KIT OIL FILTER & O RING
1153,ID329244,2026-04,3660.0,VALVE STEM SEAL
1155,IA202651,2020-10,2463.0,
1155,IA203416,2020-10,3725.0,
1155,IA215577,2020-10,3304.0,
1155,IA329978,2020-10,1120.0,
1155,IB001883,2020-10,620.0,
1155,IB002922,2020-10,3105.0,
1155,IB999850,2020-10,4020.0,
1155,ID201024,2020-10,3149.0,
1155,ID202139,2020-10,1770.0,
1155,ID301958,2020-10,2524.0,
1155,ID309786,2020-10,1576.0,
1155,ID334315,2020-10,139.0,
1155,IE314595,2020-10,210.0,
1155,IE321872,2020-10,2652.0,
1155,IF000466,2020-10,1024.0,
1155,IM300205,2020-10,2300.0,
1155,ME074696,2020-10,3928.0,
1155,MF434103,2020-10,720.0,
1155,MF434104,2020-10,540.0,
1155,MF434105,2020-10,1060.0,
1155,ID370657,2020-10,32.0,
1155,ID377754,2020-10,44.0,
1155,ID380825,2020-10,0.0,
1155,IE332266,2020-10,110.0,
1155,ID378974,2020-10,0.0,
1155,IA202651,2020-11,2479.0,
1155,IA203416,2020-11,1336.0,
1155,IA215577,2020-11,2325.0,
1155,IA329978,2020-11,1008.0,
1155,IB001883,2020-11,300.0,
1155,IB002922,2020-11,4096.0,
1155,IB999850,2020-11,3171.0,
1155,ID201024,2020-11,3643.0,
1155,ID202139,2020-11,1567.0,
1155,ID301958,2020-11,1517.0,
1155,ID309786,2020-11,1408.0,
1155,ID334315,2020-11,193.0,
1155,IE314595,2020-11,169.0,
1155,IE321872,2020-11,1936.0,
1155,IF000466,2020-11,914.0,
1155,IM300205,2020-11,1980.0,
1155,ME074696,2020-11,2952.0,
1155,MF434103,2020-11,1140.0,
1155,MF434104,2020-11,920.0,
1155,MF434105,2020-11,1240.0,
1155,ID370657,2020-11,15.0,
1155,ID377754,2020-11,21.0,
1155,ID380825,2020-11,0.0,
1155,IE332266,2020-11,106.0,
1155,ID378974,2020-11,0.0,
1155,IA202651,2020-12,3520.0,
1155,IA203416,2020-12,2011.0,
1155,IA215577,2020-12,3062.0,
1155,IA329978,2020-12,1680.0,
1155,IB001883,2020-12,1130.0,
1155,IB002922,2020-12,4449.0,
1155,IB999850,2020-12,4822.0,
1155,ID201024,2020-12,4236.0,
1155,ID202139,2020-12,4962.0,
1155,ID301958,2020-12,3212.0,
1155,ID309786,2020-12,2096.0,
1155,ID334315,2020-12,122.0,
1155,IE314595,2020-12,609.0,
1155,IE321872,2020-12,4435.0,
1155,IF000466,2020-12,1097.0,
1155,IM300205,2020-12,2260.0,
1155,ME074696,2020-12,6696.0,
1155,MF434103,2020-12,820.0,
1155,MF434104,2020-12,1080.0,
1155,MF434105,2020-12,1320.0,
1155,ID370657,2020-12,22.0,
1155,ID377754,2020-12,19.0,
1155,ID380825,2020-12,5.0,
1155,IE332266,2020-12,148.0,
1155,ID378974,2020-12,0.0,
1155,IA202651,2021-01,2342.0,
1155,IA203416,2021-01,2058.0,
1155,IA215577,2021-01,1729.0,
1155,IA329978,2021-01,1918.0,
1155,IB001883,2021-01,500.0,
1155,IB002922,2021-01,4695.0,
1155,IB999850,2021-01,3138.0,
1155,ID201024,2021-01,3729.0,
1155,ID202139,2021-01,2869.0,
1155,ID301958,2021-01,2634.0,
1155,ID309786,2021-01,1552.0,
1155,ID334315,2021-01,143.0,
1155,IE314595,2021-01,386.0,
1155,IE321872,2021-01,3712.0,
1155,IF000466,2021-01,673.0,
1155,IM300205,2021-01,2680.0,
1155,ME074696,2021-01,4216.0,
1155,MF434103,2021-01,840.0,
1155,MF434104,2021-01,820.0,
1155,MF434105,2021-01,1620.0,
1155,ID370657,2021-01,113.0,
1155,ID377754,2021-01,83.0,
1155,ID380825,2021-01,4.0,
1155,IE332266,2021-01,48.0,
1155,ID378974,2021-01,0.0,
1155,IA202651,2021-02,2480.0,
1155,IA203416,2021-02,1928.0,
1155,IA215577,2021-02,3133.0,
1155,IA329978,2021-02,2226.0,
1155,IB001883,2021-02,780.0,
1155,IB002922,2021-02,5230.0,
1155,IB999850,2021-02,5441.0,
1155,ID201024,2021-02,4456.0,
1155,ID202139,2021-02,3520.0,
1155,ID301958,2021-02,1975.0,
1155,ID309786,2021-02,2304.0,
1155,ID334315,2021-02,154.0,
1155,IE314595,2021-02,542.0,
1155,IE321872,2021-02,4127.0,
1155,IF000466,2021-02,1329.0,
1155,IM300205,2021-02,3780.0,
1155,ME074696,2021-02,6920.0,
1155,MF434103,2021-02,940.0,
1155,MF434104,2021-02,920.0,
1155,MF434105,2021-02,1140.0,
1155,ID370657,2021-02,32.0,
1155,ID377754,2021-02,81.0,
1155,ID380825,2021-02,0.0,
1155,IE332266,2021-02,80.0,
1155,ID378974,2021-02,0.0,
1155,IA202651,2021-03,3474.0,
1155,IA203416,2021-03,2457.0,
1155,IA215577,2021-03,3482.0,
1155,IA329978,2021-03,1554.0,
1155,IB001883,2021-03,460.0,
1155,IB002922,2021-03,7620.0,
1155,IB999850,2021-03,3758.0,
1155,ID201024,2021-03,4102.0,
1155,ID202139,2021-03,4757.0,
1155,ID301958,2021-03,2897.0,
1155,ID309786,2021-03,1824.0,
1155,ID334315,2021-03,217.0,
1155,IE314595,2021-03,733.0,
1155,IE321872,2021-03,5101.0,
1155,IF000466,2021-03,1317.0,
1155,IM300205,2021-03,4220.0,
1155,ME074696,2021-03,4352.0,
1155,MF434103,2021-03,740.0,
1155,MF434104,2021-03,1180.0,
1155,MF434105,2021-03,1600.0,
1155,ID370657,2021-03,238.0,
1155,ID377754,2021-03,118.0,
1155,ID380825,2021-03,0.0,
1155,IE332266,2021-03,495.0,
1155,ID378974,2021-03,0.0,
1155,IA202651,2021-04,1613.0,
1155,IA203416,2021-04,1359.0,
1155,IA215577,2021-04,1500.0,
1155,IA329978,2021-04,1344.0,
1155,IB001883,2021-04,1440.0,
1155,IB002922,2021-04,2293.0,
1155,IB999850,2021-04,1674.0,
1155,ID201024,2021-04,1222.0,
1155,ID202139,2021-04,1382.0,
1155,ID301958,2021-04,1741.0,
1155,ID309786,2021-04,1816.0,
1155,ID334315,2021-04,102.0,
1155,IE314595,2021-04,237.0,
1155,IE321872,2021-04,2221.0,
1155,IF000466,2021-04,812.0,
1155,IM300205,2021-04,4080.0,
1155,ME074696,2021-04,1600.0,
1155,MF434103,2021-04,340.0,
1155,MF434104,2021-04,600.0,
1155,MF434105,2021-04,700.0,
1155,ID370657,2021-04,35.0,
1155,ID377754,2021-04,84.0,
1155,ID380825,2021-04,0.0,
1155,IE332266,2021-04,287.0,
1155,ID378974,2021-04,0.0,
1155,IA202651,2021-05,390.0,
1155,IA203416,2021-05,493.0,
1155,IA215577,2021-05,269.0,
1155,IA329978,2021-05,308.0,
1155,IB001883,2021-05,530.0,
1155,IB002922,2021-05,600.0,
1155,IB999850,2021-05,310.0,
1155,ID201024,2021-05,431.0,
1155,ID202139,2021-05,48.0,
1155,ID301958,2021-05,582.0,
1155,ID309786,2021-05,704.0,
1155,ID334315,2021-05,165.0,
1155,IE314595,2021-05,236.0,
1155,IE321872,2021-05,1126.0,
1155,IF000466,2021-05,276.0,
1155,IM300205,2021-05,1160.0,
1155,ME074696,2021-05,448.0,
1155,MF434103,2021-05,340.0,
1155,MF434104,2021-05,140.0,
1155,MF434105,2021-05,320.0,
1155,ID370657,2021-05,102.0,
1155,ID377754,2021-05,80.0,
1155,ID380825,2021-05,0.0,
1155,IE332266,2021-05,295.0,
1155,ID378974,2021-05,0.0,
1155,IA202651,2021-06,2016.0,
1155,IA203416,2021-06,1569.0,
1155,IA215577,2021-06,1990.0,
1155,IA329978,2021-06,1204.0,
1155,IB001883,2021-06,1360.0,
1155,IB002922,2021-06,3641.0,
1155,IB999850,2021-06,3073.0,
1155,ID201024,2021-06,2790.0,
1155,ID202139,2021-06,2604.0,
1155,ID301958,2021-06,1997.0,
1155,ID309786,2021-06,2152.0,
1155,ID334315,2021-06,299.0,
1155,IE314595,2021-06,405.0,
1155,IE321872,2021-06,5273.0,
1155,IF000466,2021-06,1485.0,
1155,IM300205,2021-06,2960.0,
1155,ME074696,2021-06,5544.0,
1155,MF434103,2021-06,700.0,
1155,MF434104,2021-06,1240.0,
1155,MF434105,2021-06,1320.0,
1155,ID370657,2021-06,227.0,
1155,ID377754,2021-06,195.0,
1155,ID380825,2021-06,28.0,
1155,IE332266,2021-06,867.0,
1155,ID378974,2021-06,0.0,
1155,IA202651,2021-07,2785.0,
1155,IA203416,2021-07,1811.0,
1155,IA215577,2021-07,2431.0,
1155,IA329978,2021-07,2212.0,
1155,IB001883,2021-07,1260.0,
1155,IB002922,2021-07,4098.0,
1155,IB999850,2021-07,3503.0,
1155,ID201024,2021-07,3909.0,
1155,ID202139,2021-07,1094.0,
1155,ID301958,2021-07,2200.0,
1155,ID309786,2021-07,2352.0,
1155,ID334315,2021-07,243.0,
1155,IE314595,2021-07,554.0,
1155,IE321872,2021-07,5339.0,
1155,IF000466,2021-07,801.0,
1155,IM300205,2021-07,2720.0,
1155,ME074696,2021-07,3880.0,
1155,MF434103,2021-07,820.0,
1155,MF434104,2021-07,860.0,
1155,MF434105,2021-07,1260.0,
1155,ID370657,2021-07,408.0,
1155,ID377754,2021-07,221.0,
1155,ID380825,2021-07,21.0,
1155,IE332266,2021-07,1058.0,
1155,ID378974,2021-07,0.0,
1155,IA202651,2021-08,2427.0,
1155,IA203416,2021-08,1866.0,
1155,IA215577,2021-08,2132.0,
1155,IA329978,2021-08,2044.0,
1155,IB001883,2021-08,2420.0,
1155,IB002922,2021-08,3545.0,
1155,IB999850,2021-08,2586.0,
1155,ID201024,2021-08,2677.0,
1155,ID202139,2021-08,1409.0,
1155,ID301958,2021-08,2536.0,
1155,ID309786,2021-08,2536.0,
1155,ID334315,2021-08,340.0,
1155,IE314595,2021-08,461.0,
1155,IE321872,2021-08,5655.0,
1155,IF000466,2021-08,1214.0,
1155,IM300205,2021-08,2440.0,
1155,ME074696,2021-08,4784.0,
1155,MF434103,2021-08,1200.0,
1155,MF434104,2021-08,940.0,
1155,MF434105,2021-08,1480.0,
1155,ID370657,2021-08,255.0,
1155,ID377754,2021-08,289.0,
1155,ID380825,2021-08,30.0,
1155,IE332266,2021-08,1034.0,
1155,ID378974,2021-08,0.0,
1155,IA202651,2021-09,2594.0,
1155,IA203416,2021-09,1746.0,
1155,IA215577,2021-09,2195.0,
1155,IA329978,2021-09,1876.0,
1155,IB001883,2021-09,670.0,
1155,IB002922,2021-09,3957.0,
1155,IB999850,2021-09,3503.0,
1155,ID201024,2021-09,2847.0,
1155,ID202139,2021-09,2078.0,
1155,ID301958,2021-09,1728.0,
1155,ID309786,2021-09,1304.0,
1155,ID334315,2021-09,358.0,
1155,IE314595,2021-09,559.0,
1155,IE321872,2021-09,6628.0,
1155,IF000466,2021-09,786.0,
1155,IM300205,2021-09,2160.0,
1155,ME074696,2021-09,2352.0,
1155,MF434103,2021-09,1160.0,
1155,MF434104,2021-09,1320.0,
1155,MF434105,2021-09,2020.0,
1155,ID370657,2021-09,337.0,
1155,ID377754,2021-09,306.0,
1155,ID380825,2021-09,66.0,
1155,IE332266,2021-09,1241.0,
1155,ID378974,2021-09,0.0,
1155,IA202651,2021-10,2338.0,
1155,IA203416,2021-10,1940.0,
1155,IA215577,2021-10,2739.0,
1155,IA329978,2021-10,3598.0,
1155,IB001883,2021-10,460.0,
1155,IB002922,2021-10,4686.0,
1155,IB999850,2021-10,3533.0,
1155,ID201024,2021-10,3306.0,
1155,ID202139,2021-10,1984.0,
1155,ID301958,2021-10,2124.0,
1155,ID309786,2021-10,2360.0,
1155,ID334315,2021-10,368.0,
1155,IE314595,2021-10,730.0,
1155,IE321872,2021-10,6618.0,
1155,IF000466,2021-10,1113.0,
1155,IM300205,2021-10,2300.0,
1155,ME074696,2021-10,4280.0,
1155,MF434103,2021-10,980.0,
1155,MF434104,2021-10,1400.0,
1155,MF434105,2021-10,1220.0,
1155,ID370657,2021-10,596.0,
1155,ID377754,2021-10,362.0,
1155,ID380825,2021-10,198.0,
1155,IE332266,2021-10,1117.0,
1155,ID378974,2021-10,0.0,
1155,IA202651,2021-11,2865.0,
1155,IA203416,2021-11,1710.0,
1155,IA215577,2021-11,3124.0,
1155,IA329978,2021-11,1849.0,
1155,IB001883,2021-11,1840.0,
1155,IB002922,2021-11,4844.0,
1155,IB999850,2021-11,4128.0,
1155,ID201024,2021-11,3563.0,
1155,ID202139,2021-11,2039.0,
1155,ID301958,2021-11,2327.0,
1155,ID309786,2021-11,1808.0,
1155,ID334315,2021-11,475.0,
1155,IE314595,2021-11,340.0,
1155,IE321872,2021-11,4792.0,
1155,IF000466,2021-11,997.0,
1155,IM300205,2021-11,1860.0,
1155,ME074696,2021-11,3760.0,
1155,MF434103,2021-11,1240.0,
1155,MF434104,2021-11,1380.0,
1155,MF434105,2021-11,1280.0,
1155,ID370657,2021-11,324.0,
1155,ID377754,2021-11,402.0,
1155,ID380825,2021-11,317.0,
1155,IE332266,2021-11,1192.0,
1155,ID378974,2021-11,0.0,
1155,IA202651,2021-12,3471.0,
1155,IA203416,2021-12,2457.0,
1155,IA215577,2021-12,4493.0,
1155,IA329978,2021-12,1342.0,
1155,IB001883,2021-12,1320.0,
1155,IB002922,2021-12,8220.0,
1155,IB999850,2021-12,5728.0,
1155,ID201024,2021-12,5356.0,
1155,ID202139,2021-12,2854.0,
1155,ID301958,2021-12,2919.0,
1155,ID309786,2021-12,3096.0,
1155,ID334315,2021-12,715.0,
1155,IE314595,2021-12,836.0,
1155,IE321872,2021-12,8838.0,
1155,IF000466,2021-12,1455.0,
1155,IM300205,2021-12,2660.0,
1155,ME074696,2021-12,6832.0,
1155,MF434103,2021-12,1520.0,
1155,MF434104,2021-12,1840.0,
1155,MF434105,2021-12,2040.0,
1155,ID370657,2021-12,580.0,
1155,ID377754,2021-12,585.0,
1155,ID380825,2021-12,683.0,
1155,IE332266,2021-12,1119.0,
1155,ID378974,2021-12,0.0,
1155,IA202651,2022-01,1946.0,
1155,IA203416,2022-01,1448.0,
1155,IA215577,2022-01,3382.0,
1155,IA329978,2022-01,3122.0,
1155,IB001883,2022-01,1460.0,
1155,IB002922,2022-01,4853.0,
1155,IB999850,2022-01,3431.0,
1155,ID201024,2022-01,3085.0,
1155,ID202139,2022-01,2278.0,
1155,ID301958,2022-01,1843.0,
1155,ID309786,2022-01,2392.0,
1155,ID334315,2022-01,519.0,
1155,IE314595,2022-01,397.0,
1155,IE321872,2022-01,6684.0,
1155,IF000466,2022-01,898.0,
1155,IM300205,2022-01,2580.0,
1155,ME074696,2022-01,5072.0,
1155,MF434103,2022-01,740.0,
1155,MF434104,2022-01,880.0,
1155,MF434105,2022-01,1880.0,
1155,ID370657,2022-01,570.0,
1155,ID377754,2022-01,573.0,
1155,ID380825,2022-01,911.0,
1155,IE332266,2022-01,1273.0,
1155,ID378974,2022-01,0.0,
1155,IA202651,2022-02,2833.0,
1155,IA203416,2022-02,1762.0,
1155,IA215577,2022-02,3690.0,
1155,IA329978,2022-02,2126.0,
1155,IB001883,2022-02,1040.0,
1155,IB002922,2022-02,5548.0,
1155,IB999850,2022-02,4512.0,
1155,ID201024,2022-02,4405.0,
1155,ID202139,2022-02,1831.0,
1155,ID301958,2022-02,2127.0,
1155,ID309786,2022-02,2360.0,
1155,ID334315,2022-02,627.0,
1155,IE314595,2022-02,607.0,
1155,IE321872,2022-02,6797.0,
1155,IF000466,2022-02,1299.0,
1155,IM300205,2022-02,2780.0,
1155,ME074696,2022-02,7256.0,
1155,MF434103,2022-02,1800.0,
1155,MF434104,2022-02,1140.0,
1155,MF434105,2022-02,1480.0,
1155,ID370657,2022-02,509.0,
1155,ID377754,2022-02,541.0,
1155,ID380825,2022-02,1253.0,
1155,IE332266,2022-02,1531.0,
1155,ID378974,2022-02,0.0,
1155,IA202651,2022-03,3170.0,
1155,IA203416,2022-03,1905.0,
1155,IA215577,2022-03,2768.0,
1155,IA329978,2022-03,2254.0,
1155,IB001883,2022-03,630.0,
1155,IB002922,2022-03,5660.0,
1155,IB999850,2022-03,2041.0,
1155,ID201024,2022-03,3991.0,
1155,ID202139,2022-03,5112.0,
1155,ID301958,2022-03,2123.0,
1155,ID309786,2022-03,2704.0,
1155,ID334315,2022-03,521.0,
1155,IE314595,2022-03,423.0,
1155,IE321872,2022-03,7717.0,
1155,IF000466,2022-03,1224.0,
1155,IM300205,2022-03,3660.0,
1155,ME074696,2022-03,4264.0,
1155,MF434103,2022-03,980.0,
1155,MF434104,2022-03,1200.0,
1155,MF434105,2022-03,1880.0,
1155,ID370657,2022-03,647.0,
1155,ID377754,2022-03,633.0,
1155,ID380825,2022-03,1191.0,
1155,IE332266,2022-03,1349.0,
1155,ID378974,2022-03,0.0,
1155,IA202651,2022-04,2570.0,
1155,IA203416,2022-04,1836.0,
1155,IA215577,2022-04,2053.0,
1155,IA329978,2022-04,2534.0,
1155,IB001883,2022-04,770.0,
1155,IB002922,2022-04,4907.0,
1155,IB999850,2022-04,2427.0,
1155,ID201024,2022-04,2638.0,
1155,ID202139,2022-04,1984.0,
1155,ID301958,2022-04,2758.0,
1155,ID309786,2022-04,2992.0,
1155,ID334315,2022-04,490.0,
1155,IE314595,2022-04,613.0,
1155,IE321872,2022-04,6144.0,
1155,IF000466,2022-04,1178.0,
1155,IM300205,2022-04,4480.0,
1155,ME074696,2022-04,3640.0,
1155,MF434103,2022-04,1320.0,
1155,MF434104,2022-04,1200.0,
1155,MF434105,2022-04,2040.0,
1155,ID370657,2022-04,651.0,
1155,ID377754,2022-04,590.0,
1155,ID380825,2022-04,1281.0,
1155,IE332266,2022-04,1547.0,
1155,ID378974,2022-04,0.0,
1155,IA202651,2022-05,2006.0,
1155,IA203416,2022-05,1712.0,
1155,IA215577,2022-05,2718.0,
1155,IA329978,2022-05,2408.0,
1155,IB001883,2022-05,1380.0,
1155,IB002922,2022-05,5871.0,
1155,IB999850,2022-05,1350.0,
1155,ID201024,2022-05,2488.0,
1155,ID202139,2022-05,1368.0,
1155,ID301958,2022-05,2079.0,
1155,ID309786,2022-05,2768.0,
1155,ID334315,2022-05,628.0,
1155,IE314595,2022-05,684.0,
1155,IE321872,2022-05,9368.0,
1155,IF000466,2022-05,1027.0,
1155,IM300205,2022-05,3620.0,
1155,ME074696,2022-05,4720.0,
1155,MF434103,2022-05,940.0,
1155,MF434104,2022-05,1300.0,
1155,MF434105,2022-05,1600.0,
1155,ID370657,2022-05,824.0,
1155,ID377754,2022-05,665.0,
1155,ID380825,2022-05,1473.0,
1155,IE332266,2022-05,2245.0,
1155,ID378974,2022-05,0.0,
1155,IA202651,2022-06,656.0,
1155,IA203416,2022-06,1411.0,
1155,IA215577,2022-06,2165.0,
1155,IA329978,2022-06,1274.0,
1155,IB001883,2022-06,1450.0,
1155,IB002922,2022-06,4308.0,
1155,IB999850,2022-06,1368.0,
1155,ID201024,2022-06,3236.0,
1155,ID202139,2022-06,2430.0,
1155,ID301958,2022-06,1415.0,
1155,ID309786,2022-06,1888.0,
1155,ID334315,2022-06,487.0,
1155,IE314595,2022-06,721.0,
1155,IE321872,2022-06,7549.0,
1155,IF000466,2022-06,951.0,
1155,IM300205,2022-06,3420.0,
1155,ME074696,2022-06,4528.0,
1155,MF434103,2022-06,1160.0,
1155,MF434104,2022-06,1380.0,
1155,MF434105,2022-06,1520.0,
1155,ID370657,2022-06,617.0,
1155,ID377754,2022-06,681.0,
1155,ID380825,2022-06,1226.0,
1155,IE332266,2022-06,1610.0,
1155,ID378974,2022-06,10.0,
1155,IA202651,2022-07,2096.0,
1155,IA203416,2022-07,1750.0,
1155,IA215577,2022-07,2206.0,
1155,IA329978,2022-07,2562.0,
1155,IB001883,2022-07,1110.0,
1155,IB002922,2022-07,5563.0,
1155,IB999850,2022-07,2863.0,
1155,ID201024,2022-07,2458.0,
1155,ID202139,2022-07,1389.0,
1155,ID301958,2022-07,1848.0,
1155,ID309786,2022-07,1536.0,
1155,ID334315,2022-07,624.0,
1155,IE314595,2022-07,575.0,
1155,IE321872,2022-07,7476.0,
1155,IF000466,2022-07,1222.0,
1155,IM300205,2022-07,3500.0,
1155,ME074696,2022-07,5192.0,
1155,MF434103,2022-07,1520.0,
1155,MF434104,2022-07,1460.0,
1155,MF434105,2022-07,1740.0,
1155,ID370657,2022-07,796.0,
1155,ID377754,2022-07,819.0,
1155,ID380825,2022-07,1646.0,
1155,IE332266,2022-07,2248.0,
1155,ID378974,2022-07,34.0,
1155,IA202651,2022-08,2026.0,
1155,IA203416,2022-08,1908.0,
1155,IA215577,2022-08,1344.0,
1155,IA329978,2022-08,1288.0,
1155,IB001883,2022-08,1240.0,
1155,IB002922,2022-08,4587.0,
1155,IB999850,2022-08,1587.0,
1155,ID201024,2022-08,2354.0,
1155,ID202139,2022-08,1165.0,
1155,ID301958,2022-08,1685.0,
1155,ID309786,2022-08,2504.0,
1155,ID334315,2022-08,598.0,
1155,IE314595,2022-08,559.0,
1155,IE321872,2022-08,7697.0,
1155,IF000466,2022-08,1180.0,
1155,IM300205,2022-08,2440.0,
1155,ME074696,2022-08,2024.0,
1155,MF434103,2022-08,1820.0,
1155,MF434104,2022-08,1980.0,
1155,MF434105,2022-08,1880.0,
1155,ID370657,2022-08,840.0,
1155,ID377754,2022-08,812.0,
1155,ID380825,2022-08,1568.0,
1155,IE332266,2022-08,1592.0,
1155,ID378974,2022-08,1776.0,
1155,IA202651,2022-09,2193.0,
1155,IA203416,2022-09,1674.0,
1155,IA215577,2022-09,3114.0,
1155,IA329978,2022-09,2422.0,
1155,IB001883,2022-09,1390.0,
1155,IB002922,2022-09,4798.0,
1155,IB999850,2022-09,2351.0,
1155,ID201024,2022-09,2437.0,
1155,ID202139,2022-09,2040.0,
1155,ID301958,2022-09,1489.0,
1155,ID309786,2022-09,2968.0,
1155,ID334315,2022-09,619.0,
1155,IE314595,2022-09,683.0,
1155,IE321872,2022-09,7977.0,
1155,IF000466,2022-09,1196.0,
1155,IM300205,2022-09,3160.0,
1155,ME074696,2022-09,2704.0,
1155,MF434103,2022-09,1060.0,
1155,MF434104,2022-09,1340.0,
1155,MF434105,2022-09,1900.0,
1155,ID370657,2022-09,906.0,
1155,ID377754,2022-09,858.0,
1155,ID380825,2022-09,2019.0,
1155,IE332266,2022-09,2774.0,
1155,ID378974,2022-09,1340.0,
1155,IA202651,2022-10,1864.0,
1155,IA203416,2022-10,1482.0,
1155,IA215577,2022-10,2168.0,
1155,IA329978,2022-10,1512.0,
1155,IB001883,2022-10,1137.0,
1155,IB002922,2022-10,4231.0,
1155,IB999850,2022-10,2103.0,
1155,ID201024,2022-10,2021.0,
1155,ID202139,2022-10,1631.0,
1155,ID301958,2022-10,1632.0,
1155,ID309786,2022-10,2288.0,
1155,ID334315,2022-10,541.0,
1155,IE314595,2022-10,470.0,
1155,IE321872,2022-10,6373.0,
1155,IF000466,2022-10,1128.0,
1155,IM300205,2022-10,3260.0,
1155,ME074696,2022-10,4072.0,
1155,MF434103,2022-10,1560.0,
1155,MF434104,2022-10,1100.0,
1155,MF434105,2022-10,1320.0,
1155,ID370657,2022-10,866.0,
1155,ID377754,2022-10,927.0,
1155,ID380825,2022-10,1748.0,
1155,IE332266,2022-10,1688.0,
1155,ID378974,2022-10,1136.0,
1155,IA202651,2022-11,2082.0,
1155,IA203416,2022-11,2093.0,
1155,IA215577,2022-11,2245.0,
1155,IA329978,2022-11,1512.0,
1155,IB001883,2022-11,1500.0,
1155,IB002922,2022-11,5806.0,
1155,IB999850,2022-11,2820.0,
1155,ID201024,2022-11,3287.0,
1155,ID202139,2022-11,4270.0,
1155,ID301958,2022-11,1641.0,
1155,ID309786,2022-11,2216.0,
1155,ID334315,2022-11,785.0,
1155,IE314595,2022-11,776.0,
1155,IE321872,2022-11,8540.0,
1155,IF000466,2022-11,1425.0,
1155,IM300205,2022-11,3180.0,
1155,ME074696,2022-11,3568.0,
1155,MF434103,2022-11,1280.0,
1155,MF434104,2022-11,1020.0,
1155,MF434105,2022-11,1660.0,
1155,ID370657,2022-11,1056.0,
1155,ID377754,2022-11,1016.0,
1155,ID380825,2022-11,2304.0,
1155,IE332266,2022-11,2640.0,
1155,ID378974,2022-11,2013.0,
1155,IA202651,2022-12,1784.0,
1155,IA203416,2022-12,1848.0,
1155,IA215577,2022-12,2468.0,
1155,IA329978,2022-12,994.0,
1155,IB001883,2022-12,1450.0,
1155,IB002922,2022-12,5434.0,
1155,IB999850,2022-12,2424.0,
1155,ID201024,2022-12,2931.0,
1155,ID202139,2022-12,2154.0,
1155,ID301958,2022-12,2022.0,
1155,ID309786,2022-12,2816.0,
1155,ID334315,2022-12,930.0,
1155,IE314595,2022-12,807.0,
1155,IE321872,2022-12,8643.0,
1155,IF000466,2022-12,1522.0,
1155,IM300205,2022-12,3140.0,
1155,ME074696,2022-12,3488.0,
1155,MF434103,2022-12,1660.0,
1155,MF434104,2022-12,1840.0,
1155,MF434105,2022-12,2100.0,
1155,ID370657,2022-12,1222.0,
1155,ID377754,2022-12,1226.0,
1155,ID380825,2022-12,2318.0,
1155,IE332266,2022-12,2551.0,
1155,ID378974,2022-12,1801.0,
1155,IA202651,2023-01,1318.0,
1155,IA203416,2023-01,1127.0,
1155,IA215577,2023-01,2090.0,
1155,IA329978,2023-01,1610.0,
1155,IB001883,2023-01,1180.0,
1155,IB002922,2023-01,4289.0,
1155,IB999850,2023-01,4668.0,
1155,ID201024,2023-01,1916.0,
1155,ID202139,2023-01,2050.0,
1155,ID301958,2023-01,1596.0,
1155,ID309786,2023-01,2232.0,
1155,ID334315,2023-01,755.0,
1155,IE314595,2023-01,879.0,
1155,IE321872,2023-01,6919.0,
1155,IF000466,2023-01,1081.0,
1155,IM300205,2023-01,2640.0,
1155,ME074696,2023-01,2608.0,
1155,MF434103,2023-01,1600.0,
1155,MF434104,2023-01,1020.0,
1155,MF434105,2023-01,1260.0,
1155,ID370657,2023-01,1041.0,
1155,ID377754,2023-01,1084.0,
1155,ID380825,2023-01,1745.0,
1155,IE332266,2023-01,1918.0,
1155,ID378974,2023-01,1159.0,
1155,IA202651,2023-02,1507.0,
1155,IA203416,2023-02,1605.0,
1155,IA215577,2023-02,1684.0,
1155,IA329978,2023-02,2016.0,
1155,IB001883,2023-02,1020.0,
1155,IB002922,2023-02,5041.0,
1155,IB999850,2023-02,1301.0,
1155,ID201024,2023-02,2133.0,
1155,ID202139,2023-02,1702.0,
1155,ID301958,2023-02,3346.0,
1155,ID309786,2023-02,1888.0,
1155,ID334315,2023-02,933.0,
1155,IE314595,2023-02,499.0,
1155,IE321872,2023-02,6516.0,
1155,IF000466,2023-02,1257.0,
1155,IM300205,2023-02,3720.0,
1155,ME074696,2023-02,1480.0,
1155,MF434103,2023-02,2160.0,
1155,MF434104,2023-02,2140.0,
1155,MF434105,2023-02,2420.0,
1155,ID370657,2023-02,1133.0,
1155,ID377754,2023-02,1100.0,
1155,ID380825,2023-02,1895.0,
1155,IE332266,2023-02,2210.0,
1155,ID378974,2023-02,1681.0,
1155,IA202651,2023-03,2129.0,
1155,IA203416,2023-03,2066.0,
1155,IA215577,2023-03,2511.0,
1155,IA329978,2023-03,1820.0,
1155,IB001883,2023-03,1120.0,
1155,IB002922,2023-03,5560.0,
1155,IB999850,2023-03,3019.0,
1155,ID201024,2023-03,3090.0,
1155,ID202139,2023-03,1878.0,
1155,ID301958,2023-03,1434.0,
1155,ID309786,2023-03,3120.0,
1155,ID334315,2023-03,957.0,
1155,IE314595,2023-03,625.0,
1155,IE321872,2023-03,8723.0,
1155,IF000466,2023-03,1565.0,
1155,IM300205,2023-03,5080.0,
1155,ME074696,2023-03,3320.0,
1155,MF434103,2023-03,2320.0,
1155,MF434104,2023-03,2180.0,
1155,MF434105,2023-03,1900.0,
1155,ID370657,2023-03,1183.0,
1155,ID377754,2023-03,1272.0,
1155,ID380825,2023-03,2093.0,
1155,IE332266,2023-03,2866.0,
1155,ID378974,2023-03,1814.0,
1155,IA202651,2023-04,1673.0,
1155,IA203416,2023-04,1669.0,
1155,IA215577,2023-04,1936.0,
1155,IA329978,2023-04,1386.0,
1155,IB001883,2023-04,1700.0,
1155,IB002922,2023-04,5414.0,
1155,IB999850,2023-04,1840.0,
1155,ID201024,2023-04,2089.0,
1155,ID202139,2023-04,1024.0,
1155,ID301958,2023-04,1270.0,
1155,ID309786,2023-04,2728.0,
1155,ID334315,2023-04,1060.0,
1155,IE314595,2023-04,1756.0,
1155,IE321872,2023-04,7081.0,
1155,IF000466,2023-04,1223.0,
1155,IM300205,2023-04,4508.0,
1155,ME074696,2023-04,2664.0,
1155,MF434103,2023-04,2140.0,
1155,MF434104,2023-04,1780.0,
1155,MF434105,2023-04,1820.0,
1155,ID370657,2023-04,1310.0,
1155,ID377754,2023-04,1288.0,
1155,ID380825,2023-04,2200.0,
1155,IE332266,2023-04,2360.0,
1155,ID378974,2023-04,1733.0,
1155,IA202651,2023-05,1667.0,
1155,IA203416,2023-05,2264.0,
1155,IA215577,2023-05,2235.0,
1155,IA329978,2023-05,2296.0,
1155,IB001883,2023-05,1510.0,
1155,IB002922,2023-05,5234.0,
1155,IB999850,2023-05,1461.0,
1155,ID201024,2023-05,2148.0,
1155,ID202139,2023-05,696.0,
1155,ID301958,2023-05,1632.0,
1155,ID309786,2023-05,2304.0,
1155,ID334315,2023-05,1079.0,
1155,IE314595,2023-05,959.0,
1155,IE321872,2023-05,7151.0,
1155,IF000466,2023-05,1385.0,
1155,IM300205,2023-05,5321.0,
1155,ME074696,2023-05,4440.0,
1155,MF434103,2023-05,1420.0,
1155,MF434104,2023-05,1480.0,
1155,MF434105,2023-05,1420.0,
1155,ID370657,2023-05,1386.0,
1155,ID377754,2023-05,1454.0,
1155,ID380825,2023-05,2021.0,
1155,IE332266,2023-05,2542.0,
1155,ID378974,2023-05,2136.0,
1155,IA202651,2023-06,2167.0,
1155,IA203416,2023-06,1630.0,
1155,IA215577,2023-06,3124.0,
1155,IA329978,2023-06,2408.0,
1155,IB001883,2023-06,890.0,
1155,IB002922,2023-06,4845.0,
1155,IB999850,2023-06,2313.0,
1155,ID201024,2023-06,2353.0,
1155,ID202139,2023-06,899.0,
1155,ID301958,2023-06,1073.0,
1155,ID309786,2023-06,3256.0,
1155,ID334315,2023-06,817.0,
1155,IE314595,2023-06,1063.0,
1155,IE321872,2023-06,6931.0,
1155,IF000466,2023-06,1618.0,
1155,IM300205,2023-06,3420.0,
1155,ME074696,2023-06,2480.0,
1155,MF434103,2023-06,1860.0,
1155,MF434104,2023-06,1600.0,
1155,MF434105,2023-06,2560.0,
1155,ID370657,2023-06,1291.0,
1155,ID377754,2023-06,1249.0,
1155,ID380825,2023-06,1946.0,
1155,IE332266,2023-06,3170.0,
1155,ID378974,2023-06,1667.0,
1155,IA202651,2023-07,1284.0,
1155,IA203416,2023-07,1593.0,
1155,IA215577,2023-07,1747.0,
1155,IA329978,2023-07,406.0,
1155,IB001883,2023-07,1360.0,
1155,IB002922,2023-07,3954.0,
1155,IB999850,2023-07,2153.0,
1155,ID201024,2023-07,3114.0,
1155,ID202139,2023-07,2886.0,
1155,ID301958,2023-07,1307.0,
1155,ID309786,2023-07,2136.0,
1155,ID334315,2023-07,969.0,
1155,IE314595,2023-07,989.0,
1155,IE321872,2023-07,7157.0,
1155,IF000466,2023-07,966.0,
1155,IM300205,2023-07,2980.0,
1155,ME074696,2023-07,2224.0,
1155,MF434103,2023-07,2000.0,
1155,MF434104,2023-07,1340.0,
1155,MF434105,2023-07,670.0,
1155,ID370657,2023-07,1243.0,
1155,ID377754,2023-07,1452.0,
1155,ID380825,2023-07,1594.0,
1155,IE332266,2023-07,2058.0,
1155,ID378974,2023-07,1794.0,
1155,IA202651,2023-08,2104.0,
1155,IA203416,2023-08,1812.0,
1155,IA215577,2023-08,1569.0,
1155,IA329978,2023-08,3660.0,
1155,IB001883,2023-08,2000.0,
1155,IB002922,2023-08,6822.0,
1155,IB999850,2023-08,1721.0,
1155,ID201024,2023-08,2242.0,
1155,ID202139,2023-08,1007.0,
1155,ID301958,2023-08,1377.0,
1155,ID309786,2023-08,2664.0,
1155,ID334315,2023-08,1189.0,
1155,IE314595,2023-08,1750.0,
1155,IE321872,2023-08,8367.0,
1155,IF000466,2023-08,1644.0,
1155,IM300205,2023-08,3605.0,
1155,ME074696,2023-08,3424.0,
1155,MF434103,2023-08,2760.0,
1155,MF434104,2023-08,2220.0,
1155,MF434105,2023-08,2610.0,
1155,ID370657,2023-08,1471.0,
1155,ID377754,2023-08,1470.0,
1155,ID380825,2023-08,1917.0,
1155,IE332266,2023-08,3028.0,
1155,ID378974,2023-08,1770.0,
1155,IA202651,2023-09,2235.0,
1155,IA203416,2023-09,2592.0,
1155,IA215577,2023-09,3203.0,
1155,IA329978,2023-09,1650.0,
1155,IB001883,2023-09,360.0,
1155,IB002922,2023-09,3948.0,
1155,IB999850,2023-09,1325.0,
1155,ID201024,2023-09,1705.0,
1155,ID202139,2023-09,757.0,
1155,ID301958,2023-09,1346.0,
1155,ID309786,2023-09,2168.0,
1155,ID334315,2023-09,1211.0,
1155,IE314595,2023-09,1230.0,
1155,IE321872,2023-09,7539.0,
1155,IF000466,2023-09,2229.0,
1155,IM300205,2023-09,3160.0,
1155,ME074696,2023-09,2144.0,
1155,MF434103,2023-09,2820.0,
1155,MF434104,2023-09,1920.0,
1155,MF434105,2023-09,2190.0,
1155,ID370657,2023-09,1896.0,
1155,ID377754,2023-09,2001.0,
1155,ID380825,2023-09,1871.0,
1155,IE332266,2023-09,2152.0,
1155,ID378974,2023-09,2317.0,
1155,IA202651,2023-10,2203.0,
1155,IA203416,2023-10,2293.0,
1155,IA215577,2023-10,2587.0,
1155,IA329978,2023-10,1740.0,
1155,IB001883,2023-10,3630.0,
1155,IB002922,2023-10,4566.0,
1155,IB999850,2023-10,2317.0,
1155,ID201024,2023-10,2112.0,
1155,ID202139,2023-10,947.0,
1155,ID301958,2023-10,1409.0,
1155,ID309786,2023-10,3096.0,
1155,ID334315,2023-10,1228.0,
1155,IE314595,2023-10,1260.0,
1155,IE321872,2023-10,7399.0,
1155,IF000466,2023-10,1817.0,
1155,IM300205,2023-10,3920.0,
1155,ME074696,2023-10,3080.0,
1155,MF434103,2023-10,2460.0,
1155,MF434104,2023-10,1620.0,
1155,MF434105,2023-10,1500.0,
1155,ID370657,2023-10,1817.0,
1155,ID377754,2023-10,1850.0,
1155,ID380825,2023-10,1935.0,
1155,IE332266,2023-10,168.0,
1155,ID378974,2023-10,2221.0,
1155,IA202651,2023-11,2000.0,
1155,IA203416,2023-11,1976.0,
1155,IA215577,2023-11,3015.0,
1155,IA329978,2023-11,1590.0,
1155,IB001883,2023-11,2820.0,
1155,IB002922,2023-11,4208.0,
1155,IB999850,2023-11,1859.0,
1155,ID201024,2023-11,1794.0,
1155,ID202139,2023-11,1352.0,
1155,ID301958,2023-11,1148.0,
1155,ID309786,2023-11,2512.0,
1155,ID334315,2023-11,1109.0,
1155,IE314595,2023-11,1290.0,
1155,IE321872,2023-11,6274.0,
1155,IF000466,2023-11,1441.0,
1155,IM300205,2023-11,3320.0,
1155,ME074696,2023-11,2200.0,
1155,MF434103,2023-11,1650.0,
1155,MF434104,2023-11,1290.0,
1155,MF434105,2023-11,1260.0,
1155,ID370657,2023-11,1600.0,
1155,ID377754,2023-11,1604.0,
1155,ID380825,2023-11,1775.0,
1155,IE332266,2023-11,0.0,
1155,ID378974,2023-11,1944.0,
1155,IA202651,2023-12,2142.0,
1155,IA203416,2023-12,2451.0,
1155,IA215577,2023-12,1362.0,
1155,IA329978,2023-12,1950.0,
1155,IB001883,2023-12,2360.0,
1155,IB002922,2023-12,5850.0,
1155,IB999850,2023-12,2481.0,
1155,ID201024,2023-12,2727.0,
1155,ID202139,2023-12,1187.0,
1155,ID301958,2023-12,1565.0,
1155,ID309786,2023-12,5056.0,
1155,ID334315,2023-12,1606.0,
1155,IE314595,2023-12,1950.0,
1155,IE321872,2023-12,9892.0,
1155,IF000466,2023-12,1789.0,
1155,IM300205,2023-12,4820.0,
1155,ME074696,2023-12,3648.0,
1155,MF434103,2023-12,2580.0,
1155,MF434104,2023-12,1620.0,
1155,MF434105,2023-12,2250.0,
1155,ID370657,2023-12,2167.0,
1155,ID377754,2023-12,2037.0,
1155,ID380825,2023-12,2341.0,
1155,IE332266,2023-12,0.0,
1155,ID378974,2023-12,2676.0,
1155,IA202651,2024-01,1248.0,
1155,IA203416,2024-01,1785.0,
1155,IA215577,2024-01,2691.0,
1155,IA329978,2024-01,1980.0,
1155,IB001883,2024-01,1720.0,
1155,IB002922,2024-01,3428.0,
1155,IB999850,2024-01,1073.0,
1155,ID201024,2024-01,1469.0,
1155,ID202139,2024-01,1263.0,
1155,ID301958,2024-01,1315.0,
1155,ID309786,2024-01,2584.0,
1155,ID334315,2024-01,1496.0,
1155,IE314595,2024-01,1770.0,
1155,IE321872,2024-01,8131.0,
1155,IF000466,2024-01,1205.0,
1155,IM300205,2024-01,3040.0,
1155,ME074696,2024-01,2608.0,
1155,MF434103,2024-01,1410.0,
1155,MF434104,2024-01,1530.0,
1155,MF434105,2024-01,1680.0,
1155,ID370657,2024-01,2004.0,
1155,ID377754,2024-01,2104.0,
1155,ID380825,2024-01,2076.0,
1155,IE332266,2024-01,0.0,
1155,ID378974,2024-01,2316.0,
1155,IA202651,2024-02,1306.0,
1155,IA203416,2024-02,1458.0,
1155,IA215577,2024-02,1831.0,
1155,IA329978,2024-02,1440.0,
1155,IB001883,2024-02,2130.0,
1155,IB002922,2024-02,4432.0,
1155,IB999850,2024-02,1184.0,
1155,ID201024,2024-02,2254.0,
1155,ID202139,2024-02,697.0,
1155,ID301958,2024-02,1086.0,
1155,ID309786,2024-02,3528.0,
1155,ID334315,2024-02,1567.0,
1155,IE314595,2024-02,2940.0,
1155,IE321872,2024-02,7673.0,
1155,IF000466,2024-02,1485.0,
1155,IM300205,2024-02,3468.0,
1155,ME074696,2024-02,3424.0,
1155,MF434103,2024-02,2130.0,
1155,MF434104,2024-02,1620.0,
1155,MF434105,2024-02,1350.0,
1155,ID370657,2024-02,1977.0,
1155,ID377754,2024-02,1888.0,
1155,ID380825,2024-02,2077.0,
1155,IE332266,2024-02,0.0,
1155,ID378974,2024-02,2082.0,
1155,IA202651,2024-03,2226.0,
1155,IA203416,2024-03,2154.0,
1155,IA215577,2024-03,2346.0,
1155,IA329978,2024-03,2040.0,
1155,IB001883,2024-03,2300.0,
1155,IB002922,2024-03,5746.0,
1155,IB999850,2024-03,2231.0,
1155,ID201024,2024-03,2782.0,
1155,ID202139,2024-03,1263.0,
1155,ID301958,2024-03,1322.0,
1155,ID309786,2024-03,3752.0,
1155,ID334315,2024-03,1568.0,
1155,IE314595,2024-03,1080.0,
1155,IE321872,2024-03,7984.0,
1155,IF000466,2024-03,2175.0,
1155,IM300205,2024-03,3700.0,
1155,ME074696,2024-03,3760.0,
1155,MF434103,2024-03,2160.0,
1155,MF434104,2024-03,1380.0,
1155,MF434105,2024-03,1800.0,
1155,ID370657,2024-03,1873.0,
1155,ID377754,2024-03,1797.0,
1155,ID380825,2024-03,1996.0,
1155,IE332266,2024-03,0.0,
1155,ID378974,2024-03,2331.0,
1155,IA202651,2024-04,1582.0,
1155,IA203416,2024-04,2019.0,
1155,IA215577,2024-04,1426.0,
1155,IA329978,2024-04,1200.0,
1155,IB001883,2024-04,2190.0,
1155,IB002922,2024-04,4047.0,
1155,IB999850,2024-04,1421.0,
1155,ID201024,2024-04,1548.0,
1155,ID202139,2024-04,872.0,
1155,ID301958,2024-04,1057.0,
1155,ID309786,2024-04,3696.0,
1155,ID334315,2024-04,1469.0,
1155,IE314595,2024-04,390.0,
1155,IE321872,2024-04,7242.0,
1155,IF000466,2024-04,1712.0,
1155,IM300205,2024-04,4980.0,
1155,ME074696,2024-04,1720.0,
1155,MF434103,2024-04,1710.0,
1155,MF434104,2024-04,930.0,
1155,MF434105,2024-04,1800.0,
1155,ID370657,2024-04,1802.0,
1155,ID377754,2024-04,1961.0,
1155,ID380825,2024-04,1920.0,
1155,IE332266,2024-04,4.0,
1155,ID378974,2024-04,1848.0,
1155,IA202651,2024-05,1934.0,
1155,IA203416,2024-05,2527.0,
1155,IA215577,2024-05,3440.0,
1155,IA329978,2024-05,1770.0,
1155,IB001883,2024-05,2270.0,
1155,IB002922,2024-05,4807.0,
1155,IB999850,2024-05,1727.0,
1155,ID201024,2024-05,2100.0,
1155,ID202139,2024-05,1438.0,
1155,ID301958,2024-05,1594.0,
1155,ID309786,2024-05,3992.0,
1155,ID334315,2024-05,1779.0,
1155,IE314595,2024-05,2550.0,
1155,IE321872,2024-05,8537.0,
1155,IF000466,2024-05,2128.0,
1155,IM300205,2024-05,6118.0,
1155,ME074696,2024-05,1728.0,
1155,MF434103,2024-05,2220.0,
1155,MF434104,2024-05,1680.0,
1155,MF434105,2024-05,1710.0,
1155,ID370657,2024-05,2175.0,
1155,ID377754,2024-05,2123.0,
1155,ID380825,2024-05,2133.0,
1155,IE332266,2024-05,0.0,
1155,ID378974,2024-05,2510.0,
1155,IA202651,2024-06,2467.0,
1155,IA203416,2024-06,2449.0,
1155,IA215577,2024-06,3595.0,
1155,IA329978,2024-06,2010.0,
1155,IB001883,2024-06,1730.0,
1155,IB002922,2024-06,5169.0,
1155,IB999850,2024-06,2360.0,
1155,ID201024,2024-06,2472.0,
1155,ID202139,2024-06,1162.0,
1155,ID301958,2024-06,1592.0,
1155,ID309786,2024-06,2992.0,
1155,ID334315,2024-06,2252.0,
1155,IE314595,2024-06,1260.0,
1155,IE321872,2024-06,7727.0,
1155,IF000466,2024-06,2021.0,
1155,IM300205,2024-06,5580.0,
1155,ME074696,2024-06,2048.0,
1155,MF434103,2024-06,1800.0,
1155,MF434104,2024-06,1350.0,
1155,MF434105,2024-06,1110.0,
1155,ID370657,2024-06,2405.0,
1155,ID377754,2024-06,2216.0,
1155,ID380825,2024-06,1984.0,
1155,IE332266,2024-06,0.0,
1155,ID378974,2024-06,2579.0,
1155,IA202651,2024-07,1282.0,
1155,IA203416,2024-07,1343.0,
1155,IA215577,2024-07,2121.0,
1155,IA329978,2024-07,1860.0,
1155,IB001883,2024-07,2670.0,
1155,IB002922,2024-07,4604.0,
1155,IB999850,2024-07,871.0,
1155,ID201024,2024-07,1802.0,
1155,ID202139,2024-07,946.0,
1155,ID301958,2024-07,1186.0,
1155,ID309786,2024-07,5248.0,
1155,ID334315,2024-07,1907.0,
1155,IE314595,2024-07,2130.0,
1155,IE321872,2024-07,8849.0,
1155,IF000466,2024-07,1588.0,
1155,IM300205,2024-07,4120.0,
1155,ME074696,2024-07,2280.0,
1155,MF434103,2024-07,1770.0,
1155,MF434104,2024-07,1440.0,
1155,MF434105,2024-07,2460.0,
1155,ID370657,2024-07,1948.0,
1155,ID377754,2024-07,2184.0,
1155,ID380825,2024-07,2232.0,
1155,IE332266,2024-07,0.0,
1155,ID378974,2024-07,2631.0,
1155,IA202651,2024-08,1728.0,
1155,IA203416,2024-08,1889.0,
1155,IA215577,2024-08,2038.0,
1155,IA329978,2024-08,2430.0,
1155,IB001883,2024-08,2482.0,
1155,IB002922,2024-08,4126.0,
1155,IB999850,2024-08,1309.0,
1155,ID201024,2024-08,1485.0,
1155,ID202139,2024-08,591.0,
1155,ID301958,2024-08,1272.0,
1155,ID309786,2024-08,3616.0,
1155,ID334315,2024-08,1868.0,
1155,IE314595,2024-08,3720.0,
1155,IE321872,2024-08,8199.0,
1155,IF000466,2024-08,1636.0,
1155,IM300205,2024-08,2500.0,
1155,ME074696,2024-08,1488.0,
1155,MF434103,2024-08,3720.0,
1155,MF434104,2024-08,2010.0,
1155,MF434105,2024-08,2850.0,
1155,ID370657,2024-08,2419.0,
1155,ID377754,2024-08,2283.0,
1155,ID380825,2024-08,1509.0,
1155,IE332266,2024-08,0.0,
1155,ID378974,2024-08,2357.0,
1155,IA202651,2024-09,566.0,
1155,IA203416,2024-09,1995.0,
1155,IA215577,2024-09,678.0,
1155,IA329978,2024-09,900.0,
1155,IB001883,2024-09,2970.0,
1155,IB002922,2024-09,1844.0,
1155,IB999850,2024-09,476.0,
1155,ID201024,2024-09,750.0,
1155,ID202139,2024-09,494.0,
1155,ID301958,2024-09,597.0,
1155,ID309786,2024-09,3496.0,
1155,ID334315,2024-09,1129.0,
1155,IE314595,2024-09,4320.0,
1155,IE321872,2024-09,4714.0,
1155,IF000466,2024-09,730.0,
1155,IM300205,2024-09,5360.0,
1155,ME074696,2024-09,2024.0,
1155,MF434103,2024-09,2190.0,
1155,MF434104,2024-09,1920.0,
1155,MF434105,2024-09,1590.0,
1155,ID370657,2024-09,1268.0,
1155,ID377754,2024-09,1240.0,
1155,ID380825,2024-09,1115.0,
1155,IE332266,2024-09,0.0,
1155,ID378974,2024-09,1429.0,
1155,IA202651,2024-10,442.0,
1155,IA203416,2024-10,1736.0,
1155,IA215577,2024-10,927.0,
1155,IA329978,2024-10,1170.0,
1155,IB001883,2024-10,2500.0,
1155,IB002922,2024-10,1383.0,
1155,IB999850,2024-10,457.0,
1155,ID201024,2024-10,372.0,
1155,ID202139,2024-10,685.0,
1155,ID301958,2024-10,504.0,
1155,ID309786,2024-10,2912.0,
1155,ID334315,2024-10,1463.0,
1155,IE314595,2024-10,2910.0,
1155,IE321872,2024-10,2738.0,
1155,IF000466,2024-10,741.0,
1155,IM300205,2024-10,3220.0,
1155,ME074696,2024-10,1720.0,
1155,MF434103,2024-10,2400.0,
1155,MF434104,2024-10,2010.0,
1155,MF434105,2024-10,2310.0,
1155,ID370657,2024-10,1411.0,
1155,ID377754,2024-10,1191.0,
1155,ID380825,2024-10,886.0,
1155,IE332266,2024-10,0.0,
1155,ID378974,2024-10,1416.0,
1155,IA202651,2024-11,448.0,
1155,IA203416,2024-11,1580.0,
1155,IA215577,2024-11,1007.0,
1155,IA329978,2024-11,420.0,
1155,IB001883,2024-11,2460.0,
1155,IB002922,2024-11,1704.0,
1155,IB999850,2024-11,345.0,
1155,ID201024,2024-11,640.0,
1155,ID202139,2024-11,556.0,
1155,ID301958,2024-11,687.0,
1155,ID309786,2024-11,3512.0,
1155,ID334315,2024-11,1445.0,
1155,IE314595,2024-11,2340.0,
1155,IE321872,2024-11,4843.0,
1155,IF000466,2024-11,1180.0,
1155,IM300205,2024-11,4200.0,
1155,ME074696,2024-11,2096.0,
1155,MF434103,2024-11,1890.0,
1155,MF434104,2024-11,1110.0,
1155,MF434105,2024-11,1530.0,
1155,ID370657,2024-11,1421.0,
1155,ID377754,2024-11,1245.0,
1155,ID380825,2024-11,834.0,
1155,IE332266,2024-11,0.0,
1155,ID378974,2024-11,1498.0,
1155,IA202651,2024-12,464.0,
1155,IA203416,2024-12,1885.0,
1155,IA215577,2024-12,748.0,
1155,IA329978,2024-12,900.0,
1155,IB001883,2024-12,2270.0,
1155,IB002922,2024-12,1692.0,
1155,IB999850,2024-12,436.0,
1155,ID201024,2024-12,702.0,
1155,ID202139,2024-12,268.0,
1155,ID301958,2024-12,631.0,
1155,ID309786,2024-12,4168.0,
1155,ID334315,2024-12,1652.0,
1155,IE314595,2024-12,3330.0,
1155,IE321872,2024-12,1188.0,
1155,IF000466,2024-12,738.0,
1155,IM300205,2024-12,4040.0,
1155,ME074696,2024-12,2112.0,
1155,MF434103,2024-12,2130.0,
1155,MF434104,2024-12,1980.0,
1155,MF434105,2024-12,2280.0,
1155,ID370657,2024-12,1399.0,
1155,ID377754,2024-12,1174.0,
1155,ID380825,2024-12,1024.0,
1155,IE332266,2024-12,32.0,
1155,ID378974,2024-12,1371.0,
1155,IA202651,2025-01,1015.0,
1155,IA203416,2025-01,1403.0,
1155,IA215577,2025-01,1450.0,
1155,IA329978,2025-01,2280.0,
1155,IB001883,2025-01,2690.0,
1155,IB002922,2025-01,4056.0,
1155,IB999850,2025-01,1489.0,
1155,ID201024,2025-01,1655.0,
1155,ID202139,2025-01,1391.0,
1155,ID301958,2025-01,2009.0,
1155,ID309786,2025-01,3176.0,
1155,ID334315,2025-01,2405.0,
1155,IE314595,2025-01,2100.0,
1155,IE321872,2025-01,10259.0,
1155,IF000466,2025-01,1448.0,
1155,IM300205,2025-01,4400.0,
1155,ME074696,2025-01,1712.0,
1155,MF434103,2025-01,2730.0,
1155,MF434104,2025-01,2130.0,
1155,MF434105,2025-01,3090.0,
1155,ID370657,2025-01,2505.0,
1155,ID377754,2025-01,2537.0,
1155,ID380825,2025-01,1864.0,
1155,IE332266,2025-01,3766.0,
1155,ID378974,2025-01,2676.0,
1155,IA202651,2025-02,993.0,
1155,IA203416,2025-02,1370.0,
1155,IA215577,2025-02,1358.0,
1155,IA329978,2025-02,1620.0,
1155,IB001883,2025-02,2740.0,
1155,IB002922,2025-02,3368.0,
1155,IB999850,2025-02,1198.0,
1155,ID201024,2025-02,1340.0,
1155,ID202139,2025-02,1602.0,
1155,ID301958,2025-02,1043.0,
1155,ID309786,2025-02,3992.0,
1155,ID334315,2025-02,2168.0,
1155,IE314595,2025-02,2790.0,
1155,IE321872,2025-02,12437.0,
1155,IF000466,2025-02,1209.0,
1155,IM300205,2025-02,4440.0,
1155,ME074696,2025-02,872.0,
1155,MF434103,2025-02,1830.0,
1155,MF434104,2025-02,1200.0,
1155,MF434105,2025-02,1470.0,
1155,ID370657,2025-02,2300.0,
1155,ID377754,2025-02,2348.0,
1155,ID380825,2025-02,1673.0,
1155,IE332266,2025-02,1883.0,
1155,ID378974,2025-02,2617.0,
1155,IA202651,2025-03,946.0,
1155,IA203416,2025-03,1590.0,
1155,IA215577,2025-03,1498.0,
1155,IA329978,2025-03,2100.0,
1155,IB001883,2025-03,2520.0,
1155,IB002922,2025-03,4681.0,
1155,IB999850,2025-03,1704.0,
1155,ID201024,2025-03,2062.0,
1155,ID202139,2025-03,1192.0,
1155,ID301958,2025-03,1254.0,
1155,ID309786,2025-03,3920.0,
1155,ID334315,2025-03,2715.0,
1155,IE314595,2025-03,2910.0,
1155,IE321872,2025-03,7536.0,
1155,IF000466,2025-03,1524.0,
1155,IM300205,2025-03,6020.0,
1155,ME074696,2025-03,1416.0,
1155,MF434103,2025-03,2400.0,
1155,MF434104,2025-03,2130.0,
1155,MF434105,2025-03,3210.0,
1155,ID370657,2025-03,2385.0,
1155,ID377754,2025-03,2535.0,
1155,ID380825,2025-03,1767.0,
1155,IE332266,2025-03,0.0,
1155,ID378974,2025-03,2715.0,
1155,IA202651,2025-04,951.0,
1155,IA203416,2025-04,1417.0,
1155,IA215577,2025-04,1593.0,
1155,IA329978,2025-04,1440.0,
1155,IB001883,2025-04,2440.0,
1155,IB002922,2025-04,3528.0,
1155,IB999850,2025-04,1306.0,
1155,ID201024,2025-04,1275.0,
1155,ID202139,2025-04,966.0,
1155,ID301958,2025-04,1478.0,
1155,ID309786,2025-04,3288.0,
1155,ID334315,2025-04,2435.0,
1155,IE314595,2025-04,3360.0,
1155,IE321872,2025-04,4399.0,
1155,IF000466,2025-04,1553.0,
1155,IM300205,2025-04,6600.0,
1155,ME074696,2025-04,944.0,
1155,MF434103,2025-04,2340.0,
1155,MF434104,2025-04,1740.0,
1155,MF434105,2025-04,2430.0,
1155,ID370657,2025-04,2478.0,
1155,ID377754,2025-04,2466.0,
1155,ID380825,2025-04,1863.0,
1155,IE332266,2025-04,1961.0,
1155,ID378974,2025-04,2796.0,
1155,IA202651,2025-05,1406.0,
1155,IA203416,2025-05,1953.0,
1155,IA215577,2025-05,1951.0,
1155,IA329978,2025-05,1830.0,
1155,IB001883,2025-05,2420.0,
1155,IB002922,2025-05,3888.0,
1155,IB999850,2025-05,1470.0,
1155,ID201024,2025-05,1610.0,
1155,ID202139,2025-05,857.0,
1155,ID301958,2025-05,1302.0,
1155,ID309786,2025-05,3208.0,
1155,ID334315,2025-05,2520.0,
1155,IE314595,2025-05,2940.0,
1155,IE321872,2025-05,6264.0,
1155,IF000466,2025-05,1658.0,
1155,IM300205,2025-05,5740.0,
1155,ME074696,2025-05,1472.0,
1155,MF434103,2025-05,2490.0,
1155,MF434104,2025-05,1500.0,
1155,MF434105,2025-05,1860.0,
1155,ID370657,2025-05,2685.0,
1155,ID377754,2025-05,2586.0,
1155,ID380825,2025-05,1682.0,
1155,IE332266,2025-05,2900.0,
1155,ID378974,2025-05,3221.0,
1155,IA202651,2025-06,1077.0,
1155,IA203416,2025-06,1610.0,
1155,IA215577,2025-06,2116.0,
1155,IA329978,2025-06,2190.0,
1155,IB001883,2025-06,2190.0,
1155,IB002922,2025-06,3950.0,
1155,IB999850,2025-06,1157.0,
1155,ID201024,2025-06,1481.0,
1155,ID202139,2025-06,987.0,
1155,ID301958,2025-06,1288.0,
1155,ID309786,2025-06,3504.0,
1155,ID334315,2025-06,2495.0,
1155,IE314595,2025-06,3630.0,
1155,IE321872,2025-06,856.0,
1155,IF000466,2025-06,1516.0,
1155,IM300205,2025-06,5400.0,
1155,ME074696,2025-06,832.0,
1155,MF434103,2025-06,2760.0,
1155,MF434104,2025-06,1830.0,
1155,MF434105,2025-06,2370.0,
1155,ID370657,2025-06,2527.0,
1155,ID377754,2025-06,2170.0,
1155,ID380825,2025-06,1761.0,
1155,IE332266,2025-06,4699.0,
1155,ID378974,2025-06,3372.0,
1155,IA202651,2025-07,778.0,
1155,IA203416,2025-07,1345.0,
1155,IA215577,2025-07,1705.0,
1155,IA329978,2025-07,1680.0,
1155,IB001883,2025-07,2560.0,
1155,IB002922,2025-07,4018.0,
1155,IB999850,2025-07,1403.0,
1155,ID201024,2025-07,1441.0,
1155,ID202139,2025-07,870.0,
1155,ID301958,2025-07,1197.0,
1155,ID309786,2025-07,3568.0,
1155,ID334315,2025-07,2640.0,
1155,IE314595,2025-07,3720.0,
1155,IE321872,2025-07,135.0,
1155,IF000466,2025-07,1373.0,
1155,IM300205,2025-07,4920.0,
1155,ME074696,2025-07,1136.0,
1155,MF434103,2025-07,3231.0,
1155,MF434104,2025-07,2400.0,
1155,MF434105,2025-07,1980.0,
1155,ID370657,2025-07,2870.0,
1155,ID377754,2025-07,2810.0,
1155,ID380825,2025-07,1581.0,
1155,IE332266,2025-07,4462.0,
1155,ID378974,2025-07,3499.0,
1155,IA202651,2025-08,849.0,
1155,IA203416,2025-08,1476.0,
1155,IA215577,2025-08,1505.0,
1155,IA329978,2025-08,1440.0,
1155,IB001883,2025-08,2600.0,
1155,IB002922,2025-08,3239.0,
1155,IB999850,2025-08,980.0,
1155,ID201024,2025-08,1060.0,
1155,ID202139,2025-08,943.0,
1155,ID301958,2025-08,1071.0,
1155,ID309786,2025-08,4096.0,
1155,ID334315,2025-08,2919.0,
1155,IE314595,2025-08,5010.0,
1155,IE321872,2025-08,0.0,
1155,IF000466,2025-08,1454.0,
1155,IM300205,2025-08,4740.0,
1155,ME074696,2025-08,960.0,
1155,MF434103,2025-08,3990.0,
1155,MF434104,2025-08,2220.0,
1155,MF434105,2025-08,3360.0,
1155,ID370657,2025-08,2714.0,
1155,ID377754,2025-08,2804.0,
1155,ID380825,2025-08,1463.0,
1155,IE332266,2025-08,2696.0,
1155,ID378974,2025-08,3272.0,
1155,IA202651,2025-09,1099.0,
1155,IA203416,2025-09,1594.0,
1155,IA215577,2025-09,1572.0,
1155,IA329978,2025-09,1500.0,
1155,IB001883,2025-09,3080.0,
1155,IB002922,2025-09,3578.0,
1155,IB999850,2025-09,1069.0,
1155,ID201024,2025-09,1528.0,
1155,ID202139,2025-09,500.0,
1155,ID301958,2025-09,1156.0,
1155,ID309786,2025-09,3208.0,
1155,ID334315,2025-09,3110.0,
1155,IE314595,2025-09,4320.0,
1155,IE321872,2025-09,9173.0,
1155,IF000466,2025-09,1470.0,
1155,IM300205,2025-09,4780.0,
1155,ME074696,2025-09,656.0,
1155,MF434103,2025-09,2580.0,
1155,MF434104,2025-09,2100.0,
1155,MF434105,2025-09,2490.0,
1155,ID370657,2025-09,3053.0,
1155,ID377754,2025-09,2983.0,
1155,ID380825,2025-09,1617.0,
1155,IE332266,2025-09,6793.0,
1155,ID378974,2025-09,3526.0,
1155,IA202651,2025-10,806.0,
1155,IA203416,2025-10,1476.0,
1155,IA215577,2025-10,1578.0,
1155,IA329978,2025-10,2100.0,
1155,IB001883,2025-10,2171.0,
1155,IB002922,2025-10,3346.0,
1155,IB999850,2025-10,1095.0,
1155,ID201024,2025-10,1326.0,
1155,ID202139,2025-10,415.0,
1155,ID301958,2025-10,1198.0,
1155,ID309786,2025-10,3200.0,
1155,ID334315,2025-10,2606.0,
1155,IE314595,2025-10,3229.0,
1155,IE321872,2025-10,3591.0,
1155,IF000466,2025-10,1170.0,
1155,IM300205,2025-10,3820.0,
1155,ME074696,2025-10,568.0,
1155,MF434103,2025-10,1830.0,
1155,MF434104,2025-10,1470.0,
1155,MF434105,2025-10,1560.0,
1155,ID370657,2025-10,2460.0,
1155,ID377754,2025-10,2423.0,
1155,ID380825,2025-10,1319.0,
1155,IE332266,2025-10,6654.0,
1155,ID378974,2025-10,3050.0,
1155,IA202651,2025-11,1099.0,
1155,IA203416,2025-11,1614.0,
1155,IA215577,2025-11,1714.0,
1155,IA329978,2025-11,1410.0,
1155,IB001883,2025-11,1560.0,
1155,IB002922,2025-11,3915.0,
1155,IB999850,2025-11,1552.0,
1155,ID201024,2025-11,1405.0,
1155,ID202139,2025-11,1852.0,
1155,ID301958,2025-11,1726.0,
1155,ID309786,2025-11,3824.0,
1155,ID334315,2025-11,3149.0,
1155,IE314595,2025-11,3030.0,
1155,IE321872,2025-11,1644.0,
1155,IF000466,2025-11,1479.0,
1155,IM300205,2025-11,4120.0,
1155,ME074696,2025-11,1400.0,
1155,MF434103,2025-11,3000.0,
1155,MF434104,2025-11,1630.0,
1155,MF434105,2025-11,1770.0,
1155,ID370657,2025-11,3295.0,
1155,ID377754,2025-11,2783.0,
1155,ID380825,2025-11,1533.0,
1155,IE332266,2025-11,5537.0,
1155,ID378974,2025-11,3714.0,
1155,IA202651,2025-12,953.0,
1155,IA203416,2025-12,1353.0,
1155,IA215577,2025-12,1807.0,
1155,IA329978,2025-12,2490.0,
1155,IB001883,2025-12,2520.0,
1155,IB002922,2025-12,4021.0,
1155,IB999850,2025-12,1412.0,
1155,ID201024,2025-12,1525.0,
1155,ID202139,2025-12,1225.0,
1155,ID301958,2025-12,1268.0,
1155,ID309786,2025-12,4384.0,
1155,ID334315,2025-12,3153.0,
1155,IE314595,2025-12,4620.0,
1155,IE321872,2025-12,2944.0,
1155,IF000466,2025-12,1243.0,
1155,IM300205,2025-12,4320.0,
1155,ME074696,2025-12,1016.0,
1155,MF434103,2025-12,2940.0,
1155,MF434104,2025-12,2280.0,
1155,MF434105,2025-12,2130.0,
1155,ID370657,2025-12,2959.0,
1155,ID377754,2025-12,2971.0,
1155,ID380825,2025-12,1750.0,
1155,IE332266,2025-12,5955.0,
1155,ID378974,2025-12,3889.0,
1155,IA202651,2026-01,677.0,
1155,IA203416,2026-01,1245.0,
1155,IA215577,2026-01,1119.0,
1155,IA329978,2026-01,2040.0,
1155,IB001883,2026-01,1770.0,
1155,IB002922,2026-01,3798.0,
1155,IB999850,2026-01,1039.0,
1155,ID201024,2026-01,1356.0,
1155,ID202139,2026-01,1193.0,
1155,ID301958,2026-01,1354.0,
1155,ID309786,2026-01,4048.0,
1155,ID334315,2026-01,3074.0,
1155,IE314595,2026-01,2910.0,
1155,IE321872,2026-01,2672.0,
1155,IF000466,2026-01,1148.0,
1155,IM300205,2026-01,4480.0,
1155,ME074696,2026-01,864.0,
1155,MF434103,2026-01,2580.0,
1155,MF434104,2026-01,1530.0,
1155,MF434105,2026-01,2280.0,
1155,ID370657,2026-01,2925.0,
1155,ID377754,2026-01,2956.0,
1155,ID380825,2026-01,1497.0,
1155,IE332266,2026-01,5481.0,
1155,ID378974,2026-01,3615.0,
1155,IA202651,2026-02,862.0,
1155,IA203416,2026-02,1194.0,
1155,IA215577,2026-02,1445.0,
1155,IA329978,2026-02,2220.0,
1155,IB001883,2026-02,1910.0,
1155,IB002922,2026-02,3252.0,
1155,IB999850,2026-02,1072.0,
1155,ID201024,2026-02,1391.0,
1155,ID202139,2026-02,697.0,
1155,ID301958,2026-02,1216.0,
1155,ID309786,2026-02,4144.0,
1155,ID334315,2026-02,2782.0,
1155,IE314595,2026-02,3780.0,
1155,IE321872,2026-02,2748.0,
1155,IF000466,2026-02,1361.0,
1155,IM300205,2026-02,5520.0,
1155,ME074696,2026-02,800.0,
1155,MF434103,2026-02,3120.0,
1155,MF434104,2026-02,1800.0,
1155,MF434105,2026-02,2010.0,
1155,ID370657,2026-02,2616.0,
1155,ID377754,2026-02,2611.0,
1155,ID380825,2026-02,1388.0,
1155,IE332266,2026-02,4543.0,
1155,ID378974,2026-02,3346.0,
1155,IA202651,2026-03,923.0,
1155,IA203416,2026-03,1503.0,
1155,IA215577,2026-03,1751.0,
1155,IA329978,2026-03,1800.0,
1155,IB001883,2026-03,1650.0,
1155,IB002922,2026-03,4067.0,
1155,IB999850,2026-03,1223.0,
1155,ID201024,2026-03,1414.0,
1155,ID202139,2026-03,1225.0,
1155,ID301958,2026-03,1132.0,
1155,ID309786,2026-03,3952.0,
1155,ID334315,2026-03,3323.0,
1155,IE314595,2026-03,3120.0,
1155,IE321872,2026-03,3805.0,
1155,IF000466,2026-03,1476.0,
1155,IM300205,2026-03,5980.0,
1155,ME074696,2026-03,440.0,
1155,MF434103,2026-03,1980.0,
1155,MF434104,2026-03,1020.0,
1155,MF434105,2026-03,2280.0,
1155,ID370657,2026-03,2811.0,
1155,ID377754,2026-03,2544.0,
1155,ID380825,2026-03,1327.0,
1155,IE332266,2026-03,5679.0,
1155,ID378974,2026-03,3705.0,
1155,IA202651,2026-04,616.0,
1155,IA203416,2026-04,1229.0,
1155,IA215577,2026-04,1433.0,
1155,IA329978,2026-04,1710.0,
1155,IB001883,2026-04,1500.0,
1155,IB002922,2026-04,3445.0,
1155,IB999850,2026-04,1000.0,
1155,ID201024,2026-04,1274.0,
1155,ID202139,2026-04,811.0,
1155,ID301958,2026-04,1054.0,
1155,ID309786,2026-04,4408.0,
1155,ID334315,2026-04,3263.0,
1155,IE314595,2026-04,3000.0,
1155,IE321872,2026-04,2717.0,
1155,IF000466,2026-04,1335.0,
1155,IM300205,2026-04,6640.0,
1155,ME074696,2026-04,768.0,
1155,MF434103,2026-04,2460.0,
1155,MF434104,2026-04,2100.0,
1155,MF434105,2026-04,1470.0,
1155,ID370657,2026-04,2791.0,
1155,ID377754,2026-04,2834.0,
1155,ID380825,2026-04,1247.0,
1155,IE332266,2026-04,4691.0,
1155,ID378974,2026-04,3491.0,
1110,IA202651,2020-10,2354.0,
1110,IA203086,2020-10,1270.0,
1110,IA203416,2020-10,2651.0,
1110,IA215142,2020-10,1471.0,
1110,IA215577,2020-10,2367.0,
1110,IA215578,2020-10,2259.0,
1110,IA301086,2020-10,744.0,
1110,IA328687,2020-10,628.0,
1110,IA329978,2020-10,322.0,
1110,IB002922,2020-10,5025.0,
1110,IB999850,2020-10,2632.0,
1110,ID201024,2020-10,5266.0,
1110,ID206974,2020-10,2282.0,
1110,ID301958,2020-10,4764.0,
1110,ID304913,2020-10,355.0,
1110,ID309786,2020-10,1752.0,
1110,ID332218,2020-10,1015.0,
1110,ID332219,2020-10,778.0,
1110,ID334315,2020-10,90.0,
1110,IE314595,2020-10,119.0,
1110,IF000466,2020-10,2077.0,
1110,IM300205,2020-10,4140.0,
1110,MB344408,2020-10,1320.0,
1110,ME074696,2020-10,2128.0,
1110,MF434103,2020-10,980.0,
1110,MF434104,2020-10,1420.0,
1110,MF434105,2020-10,920.0,
1110,MF445086,2020-10,1460.0,
1110,MF472127,2020-10,1280.0,
1110,ID364170,2020-10,1553.0,
1110,ID370657,2020-10,20.0,
1110,ID377754,2020-10,14.0,
1110,ID378974,2020-10,0.0,
1110,IA202651,2020-11,2311.0,
1110,IA203086,2020-11,660.0,
1110,IA203416,2020-11,2424.0,
1110,IA215142,2020-11,1617.0,
1110,IA215577,2020-11,2606.0,
1110,IA215578,2020-11,1819.0,
1110,IA301086,2020-11,1070.0,
1110,IA328687,2020-11,940.0,
1110,IA329978,2020-11,490.0,
1110,IB002922,2020-11,5461.0,
1110,IB999850,2020-11,1486.0,
1110,ID201024,2020-11,5095.0,
1110,ID206974,2020-11,2275.0,
1110,ID301958,2020-11,6771.0,
1110,ID304913,2020-11,755.0,
1110,ID309786,2020-11,1552.0,
1110,ID332218,2020-11,530.0,
1110,ID332219,2020-11,369.0,
1110,ID334315,2020-11,151.0,
1110,IE314595,2020-11,184.0,
1110,IF000466,2020-11,1893.0,
1110,IM300205,2020-11,2760.0,
1110,MB344408,2020-11,2120.0,
1110,ME074696,2020-11,1600.0,
1110,MF434103,2020-11,840.0,
1110,MF434104,2020-11,1080.0,
1110,MF434105,2020-11,1820.0,
1110,MF445086,2020-11,1480.0,
1110,MF472127,2020-11,780.0,
1110,ID364170,2020-11,571.0,
1110,ID370657,2020-11,51.0,
1110,ID377754,2020-11,40.0,
1110,ID378974,2020-11,0.0,
1110,IA202651,2020-12,2519.0,
1110,IA203086,2020-12,1322.0,
1110,IA203416,2020-12,1842.0,
1110,IA215142,2020-12,1686.0,
1110,IA215577,2020-12,3786.0,
1110,IA215578,2020-12,2369.0,
1110,IA301086,2020-12,1243.0,
1110,IA328687,2020-12,1530.0,
1110,IA329978,2020-12,350.0,
1110,IB002922,2020-12,5471.0,
1110,IB999850,2020-12,3737.0,
1110,ID201024,2020-12,5191.0,
1110,ID206974,2020-12,3353.0,
1110,ID301958,2020-12,5151.0,
1110,ID304913,2020-12,675.0,
1110,ID309786,2020-12,2552.0,
1110,ID332218,2020-12,1085.0,
1110,ID332219,2020-12,903.0,
1110,ID334315,2020-12,168.0,
1110,IE314595,2020-12,140.0,
1110,IF000466,2020-12,1707.0,
1110,IM300205,2020-12,3660.0,
1110,MB344408,2020-12,2820.0,
1110,ME074696,2020-12,3216.0,
1110,MF434103,2020-12,600.0,
1110,MF434104,2020-12,1300.0,
1110,MF434105,2020-12,1400.0,
1110,MF445086,2020-12,2040.0,
1110,MF472127,2020-12,1720.0,
1110,ID364170,2020-12,1584.0,
1110,ID370657,2020-12,76.0,
1110,ID377754,2020-12,57.0,
1110,ID378974,2020-12,0.0,
1110,IA202651,2021-01,2166.0,
1110,IA203086,2021-01,2212.0,
1110,IA203416,2021-01,1879.0,
1110,IA215142,2021-01,2247.0,
1110,IA215577,2021-01,2563.0,
1110,IA215578,2021-01,3835.0,
1110,IA301086,2021-01,2201.0,
1110,IA328687,2021-01,1620.0,
1110,IA329978,2021-01,1204.0,
1110,IB002922,2021-01,11523.0,
1110,IB999850,2021-01,1331.0,
1110,ID201024,2021-01,11351.0,
1110,ID206974,2021-01,3717.0,
1110,ID301958,2021-01,5029.0,
1110,ID304913,2021-01,1765.0,
1110,ID309786,2021-01,4232.0,
1110,ID332218,2021-01,1774.0,
1110,ID332219,2021-01,1322.0,
1110,ID334315,2021-01,410.0,
1110,IE314595,2021-01,58.0,
1110,IF000466,2021-01,1679.0,
1110,IM300205,2021-01,5260.0,
1110,MB344408,2021-01,4140.0,
1110,ME074696,2021-01,4520.0,
1110,MF434103,2021-01,2620.0,
1110,MF434104,2021-01,2940.0,
1110,MF434105,2021-01,2920.0,
1110,MF445086,2021-01,1500.0,
1110,MF472127,2021-01,2600.0,
1110,ID364170,2021-01,3932.0,
1110,ID370657,2021-01,42.0,
1110,ID377754,2021-01,26.0,
1110,ID378974,2021-01,0.0,
1110,IA202651,2021-02,2462.0,
1110,IA203086,2021-02,1670.0,
1110,IA203416,2021-02,2279.0,
1110,IA215142,2021-02,1711.0,
1110,IA215577,2021-02,3486.0,
1110,IA215578,2021-02,2525.0,
1110,IA301086,2021-02,2098.0,
1110,IA328687,2021-02,1360.0,
1110,IA329978,2021-02,1652.0,
1110,IB002922,2021-02,9353.0,
1110,IB999850,2021-02,3301.0,
1110,ID201024,2021-02,7668.0,
1110,ID206974,2021-02,2757.0,
1110,ID301958,2021-02,6230.0,
1110,ID304913,2021-02,1250.0,
1110,ID309786,2021-02,4488.0,
1110,ID332218,2021-02,1026.0,
1110,ID332219,2021-02,652.0,
1110,ID334315,2021-02,320.0,
1110,IE314595,2021-02,25.0,
1110,IF000466,2021-02,2510.0,
1110,IM300205,2021-02,4340.0,
1110,MB344408,2021-02,4220.0,
1110,ME074696,2021-02,3896.0,
1110,MF434103,2021-02,2740.0,
1110,MF434104,2021-02,3420.0,
1110,MF434105,2021-02,3380.0,
1110,MF445086,2021-02,2500.0,
1110,MF472127,2021-02,1860.0,
1110,ID364170,2021-02,2158.0,
1110,ID370657,2021-02,41.0,
1110,ID377754,2021-02,58.0,
1110,ID378974,2021-02,0.0,
1110,IA202651,2021-03,2469.0,
1110,IA203086,2021-03,2510.0,
1110,IA203416,2021-03,4306.0,
1110,IA215142,2021-03,1790.0,
1110,IA215577,2021-03,3239.0,
1110,IA215578,2021-03,2960.0,
1110,IA301086,2021-03,1697.0,
1110,IA328687,2021-03,1310.0,
1110,IA329978,2021-03,742.0,
1110,IB002922,2021-03,10782.0,
1110,IB999850,2021-03,2566.0,
1110,ID201024,2021-03,12852.0,
1110,ID206974,2021-03,3010.0,
1110,ID301958,2021-03,8315.0,
1110,ID304913,2021-03,1005.0,
1110,ID309786,2021-03,2472.0,
1110,ID332218,2021-03,1601.0,
1110,ID332219,2021-03,933.0,
1110,ID334315,2021-03,472.0,
1110,IE314595,2021-03,117.0,
1110,IF000466,2021-03,2350.0,
1110,IM300205,2021-03,6740.0,
1110,MB344408,2021-03,3680.0,
1110,ME074696,2021-03,3328.0,
1110,MF434103,2021-03,2840.0,
1110,MF434104,2021-03,3380.0,
1110,MF434105,2021-03,2920.0,
1110,MF445086,2021-03,4440.0,
1110,MF472127,2021-03,2620.0,
1110,ID364170,2021-03,2968.0,
1110,ID370657,2021-03,570.0,
1110,ID377754,2021-03,558.0,
1110,ID378974,2021-03,0.0,
1110,IA202651,2021-04,1376.0,
1110,IA203086,2021-04,660.0,
1110,IA203416,2021-04,1625.0,
1110,IA215142,2021-04,716.0,
1110,IA215577,2021-04,1365.0,
1110,IA215578,2021-04,1289.0,
1110,IA301086,2021-04,1421.0,
1110,IA328687,2021-04,600.0,
1110,IA329978,2021-04,1148.0,
1110,IB002922,2021-04,2243.0,
1110,IB999850,2021-04,916.0,
1110,ID201024,2021-04,2882.0,
1110,ID206974,2021-04,1364.0,
1110,ID301958,2021-04,976.0,
1110,ID304913,2021-04,650.0,
1110,ID309786,2021-04,2456.0,
1110,ID332218,2021-04,641.0,
1110,ID332219,2021-04,433.0,
1110,ID334315,2021-04,210.0,
1110,IE314595,2021-04,32.0,
1110,IF000466,2021-04,1346.0,
1110,IM300205,2021-04,4520.0,
1110,MB344408,2021-04,2500.0,
1110,ME074696,2021-04,1440.0,
1110,MF434103,2021-04,880.0,
1110,MF434104,2021-04,2040.0,
1110,MF434105,2021-04,660.0,
1110,MF445086,2021-04,1680.0,
1110,MF472127,2021-04,620.0,
1110,ID364170,2021-04,536.0,
1110,ID370657,2021-04,45.0,
1110,ID377754,2021-04,62.0,
1110,ID378974,2021-04,0.0,
1110,IA202651,2021-05,1000.0,
1110,IA203086,2021-05,1050.0,
1110,IA203416,2021-05,1469.0,
1110,IA215142,2021-05,579.0,
1110,IA215577,2021-05,848.0,
1110,IA215578,2021-05,1758.0,
1110,IA301086,2021-05,466.0,
1110,IA328687,2021-05,390.0,
1110,IA329978,2021-05,546.0,
1110,IB002922,2021-05,1338.0,
1110,IB999850,2021-05,418.0,
1110,ID201024,2021-05,1201.0,
1110,ID206974,2021-05,582.0,
1110,ID301958,2021-05,2079.0,
1110,ID304913,2021-05,670.0,
1110,ID309786,2021-05,1544.0,
1110,ID332218,2021-05,742.0,
1110,ID332219,2021-05,1214.0,
1110,ID334315,2021-05,585.0,
1110,IE314595,2021-05,1309.0,
1110,IF000466,2021-05,1346.0,
1110,IM300205,2021-05,4100.0,
1110,MB344408,2021-05,1320.0,
1110,ME074696,2021-05,1160.0,
1110,MF434103,2021-05,540.0,
1110,MF434104,2021-05,2280.0,
1110,MF434105,2021-05,840.0,
1110,MF445086,2021-05,1600.0,
1110,MF472127,2021-05,2060.0,
1110,ID364170,2021-05,309.0,
1110,ID370657,2021-05,434.0,
1110,ID377754,2021-05,209.0,
1110,ID378974,2021-05,0.0,
1110,IA202651,2021-06,1376.0,
1110,IA203086,2021-06,810.0,
1110,IA203416,2021-06,2654.0,
1110,IA215142,2021-06,521.0,
1110,IA215577,2021-06,1384.0,
1110,IA215578,2021-06,1794.0,
1110,IA301086,2021-06,856.0,
1110,IA328687,2021-06,1040.0,
1110,IA329978,2021-06,1204.0,
1110,IB002922,2021-06,4566.0,
1110,IB999850,2021-06,1447.0,
1110,ID201024,2021-06,5298.0,
1110,ID206974,2021-06,2381.0,
1110,ID301958,2021-06,3366.0,
1110,ID304913,2021-06,590.0,
1110,ID309786,2021-06,2544.0,
1110,ID332218,2021-06,1177.0,
1110,ID332219,2021-06,744.0,
1110,ID334315,2021-06,251.0,
1110,IE314595,2021-06,1179.0,
1110,IF000466,2021-06,984.0,
1110,IM300205,2021-06,3040.0,
1110,MB344408,2021-06,2420.0,
1110,ME074696,2021-06,2848.0,
1110,MF434103,2021-06,1300.0,
1110,MF434104,2021-06,2700.0,
1110,MF434105,2021-06,960.0,
1110,MF445086,2021-06,2580.0,
1110,MF472127,2021-06,1040.0,
1110,ID364170,2021-06,1878.0,
1110,ID370657,2021-06,508.0,
1110,ID377754,2021-06,411.0,
1110,ID378974,2021-06,0.0,
1110,IA202651,2021-07,1945.0,
1110,IA203086,2021-07,1190.0,
1110,IA203416,2021-07,2772.0,
1110,IA215142,2021-07,1411.0,
1110,IA215577,2021-07,1944.0,
1110,IA215578,2021-07,2330.0,
1110,IA301086,2021-07,1386.0,
1110,IA328687,2021-07,1750.0,
1110,IA329978,2021-07,1008.0,
1110,IB002922,2021-07,5613.0,
1110,IB999850,2021-07,1564.0,
1110,ID201024,2021-07,5712.0,
1110,ID206974,2021-07,1053.0,
1110,ID301958,2021-07,4115.0,
1110,ID304913,2021-07,1325.0,
1110,ID309786,2021-07,3040.0,
1110,ID332218,2021-07,1620.0,
1110,ID332219,2021-07,1163.0,
1110,ID334315,2021-07,424.0,
1110,IE314595,2021-07,168.0,
1110,IF000466,2021-07,2067.0,
1110,IM300205,2021-07,4420.0,
1110,MB344408,2021-07,3780.0,
1110,ME074696,2021-07,2920.0,
1110,MF434103,2021-07,1240.0,
1110,MF434104,2021-07,2280.0,
1110,MF434105,2021-07,1400.0,
1110,MF445086,2021-07,2340.0,
1110,MF472127,2021-07,1180.0,
1110,ID364170,2021-07,1921.0,
1110,ID370657,2021-07,495.0,
1110,ID377754,2021-07,640.0,
1110,ID378974,2021-07,0.0,
1110,IA202651,2021-08,1844.0,
1110,IA203086,2021-08,900.0,
1110,IA203416,2021-08,1418.0,
1110,IA215142,2021-08,720.0,
1110,IA215577,2021-08,2049.0,
1110,IA215578,2021-08,1570.0,
1110,IA301086,2021-08,1005.0,
1110,IA328687,2021-08,1230.0,
1110,IA329978,2021-08,938.0,
1110,IB002922,2021-08,4352.0,
1110,IB999850,2021-08,1816.0,
1110,ID201024,2021-08,5275.0,
1110,ID206974,2021-08,2221.0,
1110,ID301958,2021-08,1992.0,
1110,ID304913,2021-08,1200.0,
1110,ID309786,2021-08,2600.0,
1110,ID332218,2021-08,1180.0,
1110,ID332219,2021-08,980.0,
1110,ID334315,2021-08,340.0,
1110,IE314595,2021-08,145.0,
1110,IF000466,2021-08,1382.0,
1110,IM300205,2021-08,3400.0,
1110,MB344408,2021-08,1480.0,
1110,ME074696,2021-08,2440.0,
1110,MF434103,2021-08,1060.0,
1110,MF434104,2021-08,1800.0,
1110,MF434105,2021-08,1300.0,
1110,MF445086,2021-08,2160.0,
1110,MF472127,2021-08,1020.0,
1110,ID364170,2021-08,750.0,
1110,ID370657,2021-08,470.0,
1110,ID377754,2021-08,615.0,
1110,ID378974,2021-08,0.0,
1110,IA202651,2021-09,2248.0,
1110,IA203086,2021-09,1970.0,
1110,IA203416,2021-09,2069.0,
1110,IA215142,2021-09,1171.0,
1110,IA215577,2021-09,2637.0,
1110,IA215578,2021-09,1631.0,
1110,IA301086,2021-09,1544.0,
1110,IA328687,2021-09,620.0,
1110,IA329978,2021-09,1316.0,
1110,IB002922,2021-09,5536.0,
1110,IB999850,2021-09,1665.0,
1110,ID201024,2021-09,3613.0,
1110,ID206974,2021-09,3343.0,
1110,ID301958,2021-09,4499.0,
1110,ID304913,2021-09,630.0,
1110,ID309786,2021-09,1952.0,
1110,ID332218,2021-09,1441.0,
1110,ID332219,2021-09,1300.0,
1110,ID334315,2021-09,452.0,
1110,IE314595,2021-09,239.0,
1110,IF000466,2021-09,2086.0,
1110,IM300205,2021-09,2900.0,
1110,MB344408,2021-09,5120.0,
1110,ME074696,2021-09,2552.0,
1110,MF434103,2021-09,1580.0,
1110,MF434104,2021-09,1760.0,
1110,MF434105,2021-09,1440.0,
1110,MF445086,2021-09,1640.0,
1110,MF472127,2021-09,2100.0,
1110,ID364170,2021-09,1974.0,
1110,ID370657,2021-09,323.0,
1110,ID377754,2021-09,280.0,
1110,ID378974,2021-09,0.0,
1110,IA202651,2021-10,2595.0,
1110,IA203086,2021-10,1275.0,
1110,IA203416,2021-10,3270.0,
1110,IA215142,2021-10,2200.0,
1110,IA215577,2021-10,3442.0,
1110,IA215578,2021-10,2611.0,
1110,IA301086,2021-10,2114.0,
1110,IA328687,2021-10,2070.0,
1110,IA329978,2021-10,1414.0,
1110,IB002922,2021-10,3679.0,
1110,IB999850,2021-10,2524.0,
1110,ID201024,2021-10,4184.0,
1110,ID206974,2021-10,1932.0,
1110,ID301958,2021-10,6209.0,
1110,ID304913,2021-10,1525.0,
1110,ID309786,2021-10,3536.0,
1110,ID332218,2021-10,843.0,
1110,ID332219,2021-10,651.0,
1110,ID334315,2021-10,492.0,
1110,IE314595,2021-10,209.0,
1110,IF000466,2021-10,1927.0,
1110,IM300205,2021-10,3780.0,
1110,MB344408,2021-10,4700.0,
1110,ME074696,2021-10,2508.0,
1110,MF434103,2021-10,1440.0,
1110,MF434104,2021-10,1520.0,
1110,MF434105,2021-10,1360.0,
1110,MF445086,2021-10,2280.0,
1110,MF472127,2021-10,1060.0,
1110,ID364170,2021-10,2104.0,
1110,ID370657,2021-10,480.0,
1110,ID377754,2021-10,298.0,
1110,ID378974,2021-10,0.0,
1110,IA202651,2021-11,1158.0,
1110,IA203086,2021-11,530.0,
1110,IA203416,2021-11,1110.0,
1110,IA215142,2021-11,1201.0,
1110,IA215577,2021-11,1860.0,
1110,IA215578,2021-11,1570.0,
1110,IA301086,2021-11,969.0,
1110,IA328687,2021-11,350.0,
1110,IA329978,2021-11,827.0,
1110,IB002922,2021-11,3630.0,
1110,IB999850,2021-11,1091.0,
1110,ID201024,2021-11,1808.0,
1110,ID206974,2021-11,3282.0,
1110,ID301958,2021-11,5560.0,
1110,ID304913,2021-11,560.0,
1110,ID309786,2021-11,2215.0,
1110,ID332218,2021-11,1301.0,
1110,ID332219,2021-11,1079.0,
1110,ID334315,2021-11,365.0,
1110,IE314595,2021-11,234.0,
1110,IF000466,2021-11,892.0,
1110,IM300205,2021-11,2100.0,
1110,MB344408,2021-11,1040.0,
1110,ME074696,2021-11,1688.0,
1110,MF434103,2021-11,1340.0,
1110,MF434104,2021-11,960.0,
1110,MF434105,2021-11,1000.0,
1110,MF445086,2021-11,1140.0,
1110,MF472127,2021-11,780.0,
1110,ID364170,2021-11,1615.0,
1110,ID370657,2021-11,898.0,
1110,ID377754,2021-11,866.0,
1110,ID378974,2021-11,0.0,
1110,IA202651,2021-12,1912.0,
1110,IA203086,2021-12,1192.0,
1110,IA203416,2021-12,1555.0,
1110,IA215142,2021-12,1875.0,
1110,IA215577,2021-12,2527.0,
1110,IA215578,2021-12,1968.0,
1110,IA301086,2021-12,1581.0,
1110,IA328687,2021-12,332.0,
1110,IA329978,2021-12,906.0,
1110,IB002922,2021-12,6908.0,
1110,IB999850,2021-12,1659.0,
1110,ID201024,2021-12,5495.0,
1110,ID206974,2021-12,1895.0,
1110,ID301958,2021-12,5822.0,
1110,ID304913,2021-12,585.0,
1110,ID309786,2021-12,2288.0,
1110,ID332218,2021-12,1725.0,
1110,ID332219,2021-12,1537.0,
1110,ID334315,2021-12,807.0,
1110,IE314595,2021-12,292.0,
1110,IF000466,2021-12,1554.0,
1110,IM300205,2021-12,3020.0,
1110,MB344408,2021-12,1260.0,
1110,ME074696,2021-12,2392.0,
1110,MF434103,2021-12,1140.0,
1110,MF434104,2021-12,2425.0,
1110,MF434105,2021-12,2190.0,
1110,MF445086,2021-12,1720.0,
1110,MF472127,2021-12,1260.0,
1110,ID364170,2021-12,3245.0,
1110,ID370657,2021-12,934.0,
1110,ID377754,2021-12,1035.0,
1110,ID378974,2021-12,0.0,
1110,IA202651,2022-01,1854.0,
1110,IA203086,2022-01,1786.0,
1110,IA203416,2022-01,2419.0,
1110,IA215142,2022-01,1274.0,
1110,IA215577,2022-01,2760.0,
1110,IA215578,2022-01,2033.0,
1110,IA301086,2022-01,1297.0,
1110,IA328687,2022-01,260.0,
1110,IA329978,2022-01,1330.0,
1110,IB002922,2022-01,8379.0,
1110,IB999850,2022-01,859.0,
1110,ID201024,2022-01,6052.0,
1110,ID206974,2022-01,2808.0,
1110,ID301958,2022-01,5477.0,
1110,ID304913,2022-01,235.0,
1110,ID309786,2022-01,3072.0,
1110,ID332218,2022-01,1490.0,
1110,ID332219,2022-01,1130.0,
1110,ID334315,2022-01,857.0,
1110,IE314595,2022-01,320.0,
1110,IF000466,2022-01,825.0,
1110,IM300205,2022-01,3900.0,
1110,MB344408,2022-01,580.0,
1110,ME074696,2022-01,1656.0,
1110,MF434103,2022-01,1120.0,
1110,MF434104,2022-01,1100.0,
1110,MF434105,2022-01,1940.0,
1110,MF445086,2022-01,1400.0,
1110,MF472127,2022-01,1560.0,
1110,ID364170,2022-01,1715.0,
1110,ID370657,2022-01,1043.0,
1110,ID377754,2022-01,1064.0,
1110,ID378974,2022-01,0.0,
1110,IA202651,2022-02,1534.0,
1110,IA203086,2022-02,810.0,
1110,IA203416,2022-02,1684.0,
1110,IA215142,2022-02,822.0,
1110,IA215577,2022-02,1272.0,
1110,IA215578,2022-02,841.0,
1110,IA301086,2022-02,789.0,
1110,IA328687,2022-02,260.0,
1110,IA329978,2022-02,1554.0,
1110,IB002922,2022-02,7466.0,
1110,IB999850,2022-02,748.0,
1110,ID201024,2022-02,5788.0,
1110,ID206974,2022-02,2260.0,
1110,ID301958,2022-02,5613.0,
1110,ID304913,2022-02,460.0,
1110,ID309786,2022-02,1816.0,
1110,ID332218,2022-02,1403.0,
1110,ID332219,2022-02,907.0,
1110,ID334315,2022-02,698.0,
1110,IE314595,2022-02,263.0,
1110,IF000466,2022-02,1125.0,
1110,IM300205,2022-02,3060.0,
1110,MB344408,2022-02,1160.0,
1110,ME074696,2022-02,1828.0,
1110,MF434103,2022-02,1020.0,
1110,MF434104,2022-02,1660.0,
1110,MF434105,2022-02,1100.0,
1110,MF445086,2022-02,2000.0,
1110,MF472127,2022-02,1140.0,
1110,ID364170,2022-02,2071.0,
1110,ID370657,2022-02,649.0,
1110,ID377754,2022-02,512.0,
1110,ID378974,2022-02,0.0,
1110,IA202651,2022-03,2650.0,
1110,IA203086,2022-03,860.0,
1110,IA203416,2022-03,3416.0,
1110,IA215142,2022-03,2409.0,
1110,IA215577,2022-03,4436.0,
1110,IA215578,2022-03,3375.0,
1110,IA301086,2022-03,1232.0,
1110,IA328687,2022-03,1760.0,
1110,IA329978,2022-03,1848.0,
1110,IB002922,2022-03,11636.0,
1110,IB999850,2022-03,2221.0,
1110,ID201024,2022-03,9959.0,
1110,ID206974,2022-03,3617.0,
1110,ID301958,2022-03,14669.0,
1110,ID304913,2022-03,694.0,
1110,ID309786,2022-03,3248.0,
1110,ID332218,2022-03,2702.0,
1110,ID332219,2022-03,2182.0,
1110,ID334315,2022-03,1049.0,
1110,IE314595,2022-03,303.0,
1110,IF000466,2022-03,2785.0,
1110,IM300205,2022-03,4640.0,
1110,MB344408,2022-03,4800.0,
1110,ME074696,2022-03,4424.0,
1110,MF434103,2022-03,2020.0,
1110,MF434104,2022-03,1780.0,
1110,MF434105,2022-03,1340.0,
1110,MF445086,2022-03,3500.0,
1110,MF472127,2022-03,1540.0,
1110,ID364170,2022-03,4556.0,
1110,ID370657,2022-03,1192.0,
1110,ID377754,2022-03,991.0,
1110,ID378974,2022-03,0.0,
1110,IA202651,2022-04,1468.0,
1110,IA203086,2022-04,830.0,
1110,IA203416,2022-04,1591.0,
1110,IA215142,2022-04,879.0,
1110,IA215577,2022-04,1403.0,
1110,IA215578,2022-04,1355.0,
1110,IA301086,2022-04,748.0,
1110,IA328687,2022-04,1620.0,
1110,IA329978,2022-04,1134.0,
1110,IB002922,2022-04,3171.0,
1110,IB999850,2022-04,1823.0,
1110,ID201024,2022-04,1929.0,
1110,ID206974,2022-04,1499.0,
1110,ID301958,2022-04,1589.0,
1110,ID304913,2022-04,1870.0,
1110,ID309786,2022-04,2416.0,
1110,ID332218,2022-04,795.0,
1110,ID332219,2022-04,802.0,
1110,ID334315,2022-04,603.0,
1110,IE314595,2022-04,194.0,
1110,IF000466,2022-04,966.0,
1110,IM300205,2022-04,5110.0,
1110,MB344408,2022-04,1120.0,
1110,ME074696,2022-04,1776.0,
1110,MF434103,2022-04,920.0,
1110,MF434104,2022-04,880.0,
1110,MF434105,2022-04,1700.0,
1110,MF445086,2022-04,1220.0,
1110,MF472127,2022-04,1100.0,
1110,ID364170,2022-04,482.0,
1110,ID370657,2022-04,833.0,
1110,ID377754,2022-04,533.0,
1110,ID378974,2022-04,0.0,
1110,IA202651,2022-05,1481.0,
1110,IA203086,2022-05,1090.0,
1110,IA203416,2022-05,1927.0,
1110,IA215142,2022-05,1142.0,
1110,IA215577,2022-05,1789.0,
1110,IA215578,2022-05,1344.0,
1110,IA301086,2022-05,1019.0,
1110,IA328687,2022-05,1220.0,
1110,IA329978,2022-05,1121.0,
1110,IB002922,2022-05,4373.0,
1110,IB999850,2022-05,1486.0,
1110,ID201024,2022-05,4116.0,
1110,ID206974,2022-05,1228.0,
1110,ID301958,2022-05,9604.0,
1110,ID304913,2022-05,2775.0,
1110,ID309786,2022-05,1955.0,
1110,ID332218,2022-05,1156.0,
1110,ID332219,2022-05,1017.0,
1110,ID334315,2022-05,902.0,
1110,IE314595,2022-05,113.0,
1110,IF000466,2022-05,1120.0,
1110,IM300205,2022-05,3380.0,
1110,MB344408,2022-05,1220.0,
1110,ME074696,2022-05,2464.0,
1110,MF434103,2022-05,1400.0,
1110,MF434104,2022-05,3460.0,
1110,MF434105,2022-05,3760.0,
1110,MF445086,2022-05,1360.0,
1110,MF472127,2022-05,780.0,
1110,ID364170,2022-05,1004.0,
1110,ID370657,2022-05,998.0,
1110,ID377754,2022-05,995.0,
1110,ID378974,2022-05,26.0,
1110,IA202651,2022-06,2598.0,
1110,IA203086,2022-06,1020.0,
1110,IA203416,2022-06,1854.0,
1110,IA215142,2022-06,1657.0,
1110,IA215577,2022-06,2823.0,
1110,IA215578,2022-06,1535.0,
1110,IA301086,2022-06,836.0,
1110,IA328687,2022-06,1850.0,
1110,IA329978,2022-06,2408.0,
1110,IB002922,2022-06,8852.0,
1110,IB999850,2022-06,2400.0,
1110,ID201024,2022-06,6843.0,
1110,ID206974,2022-06,863.0,
1110,ID301958,2022-06,7350.0,
1110,ID304913,2022-06,1385.0,
1110,ID309786,2022-06,2120.0,
1110,ID332218,2022-06,1487.0,
1110,ID332219,2022-06,1068.0,
1110,ID334315,2022-06,576.0,
1110,IE314595,2022-06,151.0,
1110,IF000466,2022-06,989.0,
1110,IM300205,2022-06,3420.0,
1110,MB344408,2022-06,2780.0,
1110,ME074696,2022-06,2536.0,
1110,MF434103,2022-06,1120.0,
1110,MF434104,2022-06,1100.0,
1110,MF434105,2022-06,1040.0,
1110,MF445086,2022-06,1740.0,
1110,MF472127,2022-06,960.0,
1110,ID364170,2022-06,2718.0,
1110,ID370657,2022-06,1338.0,
1110,ID377754,2022-06,1224.0,
1110,ID378974,2022-06,0.0,
1110,IA202651,2022-07,1137.0,
1110,IA203086,2022-07,760.0,
1110,IA203416,2022-07,1250.0,
1110,IA215142,2022-07,709.0,
1110,IA215577,2022-07,1338.0,
1110,IA215578,2022-07,1030.0,
1110,IA301086,2022-07,1120.0,
1110,IA328687,2022-07,1960.0,
1110,IA329978,2022-07,1162.0,
1110,IB002922,2022-07,3308.0,
1110,IB999850,2022-07,1383.0,
1110,ID201024,2022-07,2256.0,
1110,ID206974,2022-07,1538.0,
1110,ID301958,2022-07,4881.0,
1110,ID304913,2022-07,1010.0,
1110,ID309786,2022-07,1115.0,
1110,ID332218,2022-07,1074.0,
1110,ID332219,2022-07,853.0,
1110,ID334315,2022-07,684.0,
1110,IE314595,2022-07,80.0,
1110,IF000466,2022-07,897.0,
1110,IM300205,2022-07,4040.0,
1110,MB344408,2022-07,1800.0,
1110,ME074696,2022-07,2224.0,
1110,MF434103,2022-07,820.0,
1110,MF434104,2022-07,1740.0,
1110,MF434105,2022-07,1140.0,
1110,MF445086,2022-07,460.0,
1110,MF472127,2022-07,1180.0,
1110,ID364170,2022-07,644.0,
1110,ID370657,2022-07,792.0,
1110,ID377754,2022-07,763.0,
1110,ID378974,2022-07,39.0,
1110,IA202651,2022-08,1446.0,
1110,IA203086,2022-08,1650.0,
1110,IA203416,2022-08,1353.0,
1110,IA215142,2022-08,948.0,
1110,IA215577,2022-08,1369.0,
1110,IA215578,2022-08,1307.0,
1110,IA301086,2022-08,1742.0,
1110,IA328687,2022-08,730.0,
1110,IA329978,2022-08,1010.0,
1110,IB002922,2022-08,4141.0,
1110,IB999850,2022-08,1076.0,
1110,ID201024,2022-08,3662.0,
1110,ID206974,2022-08,3420.0,
1110,ID301958,2022-08,9165.0,
1110,ID304913,2022-08,970.0,
1110,ID309786,2022-08,2592.0,
1110,ID332218,2022-08,1920.0,
1110,ID332219,2022-08,1345.0,
1110,ID334315,2022-08,774.0,
1110,IE314595,2022-08,258.0,
1110,IF000466,2022-08,739.0,
1110,IM300205,2022-08,4160.0,
1110,MB344408,2022-08,1440.0,
1110,ME074696,2022-08,2096.0,
1110,MF434103,2022-08,1420.0,
1110,MF434104,2022-08,2202.0,
1110,MF434105,2022-08,1860.0,
1110,MF445086,2022-08,860.0,
1110,MF472127,2022-08,1400.0,
1110,ID364170,2022-08,1623.0,
1110,ID370657,2022-08,1306.0,
1110,ID377754,2022-08,1177.0,
1110,ID378974,2022-08,1590.0,
1110,IA202651,2022-09,2335.0,
1110,IA203086,2022-09,1020.0,
1110,IA203416,2022-09,1963.0,
1110,IA215142,2022-09,1228.0,
1110,IA215577,2022-09,1870.0,
1110,IA215578,2022-09,1962.0,
1110,IA301086,2022-09,1961.0,
1110,IA328687,2022-09,1630.0,
1110,IA329978,2022-09,1694.0,
1110,IB002922,2022-09,5653.0,
1110,IB999850,2022-09,1588.0,
1110,ID201024,2022-09,3406.0,
1110,ID206974,2022-09,1872.0,
1110,ID301958,2022-09,7506.0,
1110,ID304913,2022-09,1605.0,
1110,ID309786,2022-09,2300.0,
1110,ID332218,2022-09,1454.0,
1110,ID332219,2022-09,1053.0,
1110,ID334315,2022-09,825.0,
1110,IE314595,2022-09,288.0,
1110,IF000466,2022-09,1351.0,
1110,IM300205,2022-09,3100.0,
1110,MB344408,2022-09,1980.0,
1110,ME074696,2022-09,2696.0,
1110,MF434103,2022-09,1680.0,
1110,MF434104,2022-09,1621.0,
1110,MF434105,2022-09,1800.0,
1110,MF445086,2022-09,1180.0,
1110,MF472127,2022-09,1380.0,
1110,ID364170,2022-09,1683.0,
1110,ID370657,2022-09,1362.0,
1110,ID377754,2022-09,1242.0,
1110,ID378974,2022-09,1125.0,
1110,IA202651,2022-10,1749.0,
1110,IA203086,2022-10,780.0,
1110,IA203416,2022-10,1747.0,
1110,IA215142,2022-10,1404.0,
1110,IA215577,2022-10,2609.0,
1110,IA215578,2022-10,1849.0,
1110,IA301086,2022-10,1949.0,
1110,IA328687,2022-10,1540.0,
1110,IA329978,2022-10,1526.0,
1110,IB002922,2022-10,4301.0,
1110,IB999850,2022-10,1999.0,
1110,ID201024,2022-10,3503.0,
1110,ID206974,2022-10,2166.0,
1110,ID301958,2022-10,4501.0,
1110,ID304913,2022-10,1230.0,
1110,ID309786,2022-10,1720.0,
1110,ID332218,2022-10,1345.0,
1110,ID332219,2022-10,781.0,
1110,ID334315,2022-10,992.0,
1110,IE314595,2022-10,245.0,
1110,IF000466,2022-10,1197.0,
1110,IM300205,2022-10,2940.0,
1110,MB344408,2022-10,1360.0,
1110,ME074696,2022-10,2408.0,
1110,MF434103,2022-10,1320.0,
1110,MF434104,2022-10,1480.0,
1110,MF434105,2022-10,1300.0,
1110,MF445086,2022-10,1260.0,
1110,MF472127,2022-10,820.0,
1110,ID364170,2022-10,1534.0,
1110,ID370657,2022-10,1191.0,
1110,ID377754,2022-10,1383.0,
1110,ID378974,2022-10,937.0,
1110,IA202651,2022-11,2065.0,
1110,IA203086,2022-11,1301.0,
1110,IA203416,2022-11,1938.0,
1110,IA215142,2022-11,1614.0,
1110,IA215577,2022-11,2920.0,
1110,IA215578,2022-11,1842.0,
1110,IA301086,2022-11,2196.0,
1110,IA328687,2022-11,1376.0,
1110,IA329978,2022-11,1028.0,
1110,IB002922,2022-11,5144.0,
1110,IB999850,2022-11,2474.0,
1110,ID201024,2022-11,4494.0,
1110,ID206974,2022-11,1005.0,
1110,ID301958,2022-11,1950.0,
1110,ID304913,2022-11,1870.0,
1110,ID309786,2022-11,1760.0,
1110,ID332218,2022-11,1244.0,
1110,ID332219,2022-11,1079.0,
1110,ID334315,2022-11,1040.0,
1110,IE314595,2022-11,500.0,
1110,IF000466,2022-11,1372.0,
1110,IM300205,2022-11,3660.0,
1110,MB344408,2022-11,2120.0,
1110,ME074696,2022-11,2390.0,
1110,MF434103,2022-11,1860.0,
1110,MF434104,2022-11,1740.0,
1110,MF434105,2022-11,2080.0,
1110,MF445086,2022-11,1620.0,
1110,MF472127,2022-11,1500.0,
1110,ID364170,2022-11,2022.0,
1110,ID370657,2022-11,991.0,
1110,ID377754,2022-11,914.0,
1110,ID378974,2022-11,1680.0,
1110,IA202651,2022-12,1951.0,
1110,IA203086,2022-12,1090.0,
1110,IA203416,2022-12,2542.0,
1110,IA215142,2022-12,1223.0,
1110,IA215577,2022-12,2074.0,
1110,IA215578,2022-12,1813.0,
1110,IA301086,2022-12,2805.0,
1110,IA328687,2022-12,1650.0,
1110,IA329978,2022-12,1204.0,
1110,IB002922,2022-12,3926.0,
1110,IB999850,2022-12,2437.0,
1110,ID201024,2022-12,2474.0,
1110,ID206974,2022-12,1134.0,
1110,ID301958,2022-12,1932.0,
1110,ID304913,2022-12,1755.0,
1110,ID309786,2022-12,1960.0,
1110,ID332218,2022-12,1051.0,
1110,ID332219,2022-12,800.0,
1110,ID334315,2022-12,1221.0,
1110,IE314595,2022-12,729.0,
1110,IF000466,2022-12,1191.0,
1110,IM300205,2022-12,4424.0,
1110,MB344408,2022-12,1960.0,
1110,ME074696,2022-12,2704.0,
1110,MF434103,2022-12,1540.0,
1110,MF434104,2022-12,1340.0,
1110,MF434105,2022-12,1400.0,
1110,MF445086,2022-12,1060.0,
1110,MF472127,2022-12,1280.0,
1110,ID364170,2022-12,560.0,
1110,ID370657,2022-12,1559.0,
1110,ID377754,2022-12,1411.0,
1110,ID378974,2022-12,1550.0,
1110,IA202651,2023-01,2169.0,
1110,IA203086,2023-01,1200.0,
1110,IA203416,2023-01,2650.0,
1110,IA215142,2023-01,1471.0,
1110,IA215577,2023-01,2425.0,
1110,IA215578,2023-01,1516.0,
1110,IA301086,2023-01,1655.0,
1110,IA328687,2023-01,1770.0,
1110,IA329978,2023-01,1484.0,
1110,IB002922,2023-01,4214.0,
1110,IB999850,2023-01,2452.0,
1110,ID201024,2023-01,2316.0,
1110,ID206974,2023-01,1804.0,
1110,ID301958,2023-01,2360.0,
1110,ID304913,2023-01,1570.0,
1110,ID309786,2023-01,2232.0,
1110,ID332218,2023-01,1243.0,
1110,ID332219,2023-01,1004.0,
1110,ID334315,2023-01,1258.0,
1110,IE314595,2023-01,450.0,
1110,IF000466,2023-01,1097.0,
1110,IM300205,2023-01,6040.0,
1110,MB344408,2023-01,1100.0,
1110,ME074696,2023-01,2000.0,
1110,MF434103,2023-01,1280.0,
1110,MF434104,2023-01,1500.0,
1110,MF434105,2023-01,1540.0,
1110,MF445086,2023-01,1540.0,
1110,MF472127,2023-01,1300.0,
1110,ID364170,2023-01,582.0,
1110,ID370657,2023-01,1308.0,
1110,ID377754,2023-01,1265.0,
1110,ID378974,2023-01,1446.0,
1110,IA202651,2023-02,1567.0,
1110,IA203086,2023-02,1170.0,
1110,IA203416,2023-02,1816.0,
1110,IA215142,2023-02,800.0,
1110,IA215577,2023-02,2184.0,
1110,IA215578,2023-02,1551.0,
1110,IA301086,2023-02,1980.0,
1110,IA328687,2023-02,1810.0,
1110,IA329978,2023-02,1414.0,
1110,IB002922,2023-02,5136.0,
1110,IB999850,2023-02,1847.0,
1110,ID201024,2023-02,1939.0,
1110,ID206974,2023-02,1895.0,
1110,ID301958,2023-02,3960.0,
1110,ID304913,2023-02,750.0,
1110,ID309786,2023-02,2288.0,
1110,ID332218,2023-02,1504.0,
1110,ID332219,2023-02,732.0,
1110,ID334315,2023-02,1110.0,
1110,IE314595,2023-02,292.0,
1110,IF000466,2023-02,1332.0,
1110,IM300205,2023-02,4734.0,
1110,MB344408,2023-02,1080.0,
1110,ME074696,2023-02,2476.0,
1110,MF434103,2023-02,1880.0,
1110,MF434104,2023-02,2000.0,
1110,MF434105,2023-02,1940.0,
1110,MF445086,2023-02,1700.0,
1110,MF472127,2023-02,1780.0,
1110,ID364170,2023-02,433.0,
1110,ID370657,2023-02,1301.0,
1110,ID377754,2023-02,1135.0,
1110,ID378974,2023-02,1376.0,
1110,IA202651,2023-03,2424.0,
1110,IA203086,2023-03,1310.0,
1110,IA203416,2023-03,2096.0,
1110,IA215142,2023-03,1357.0,
1110,IA215577,2023-03,2505.0,
1110,IA215578,2023-03,1921.0,
1110,IA301086,2023-03,1922.0,
1110,IA328687,2023-03,1710.0,
1110,IA329978,2023-03,1568.0,
1110,IB002922,2023-03,5747.0,
1110,IB999850,2023-03,2735.0,
1110,ID201024,2023-03,4065.0,
1110,ID206974,2023-03,1134.0,
1110,ID301958,2023-03,4089.0,
1110,ID304913,2023-03,1810.0,
1110,ID309786,2023-03,2976.0,
1110,ID332218,2023-03,1707.0,
1110,ID332219,2023-03,1597.0,
1110,ID334315,2023-03,1340.0,
1110,IE314595,2023-03,459.0,
1110,IF000466,2023-03,1542.0,
1110,IM300205,2023-03,8698.0,
1110,MB344408,2023-03,600.0,
1110,ME074696,2023-03,2496.0,
1110,MF434103,2023-03,2240.0,
1110,MF434104,2023-03,2140.0,
1110,MF434105,2023-03,2740.0,
1110,MF445086,2023-03,1600.0,
1110,MF472127,2023-03,2959.0,
1110,ID364170,2023-03,879.0,
1110,ID370657,2023-03,1540.0,
1110,ID377754,2023-03,1559.0,
1110,ID378974,2023-03,1742.0,
1110,IA202651,2023-04,1318.0,
1110,IA203086,2023-04,1250.0,
1110,IA203416,2023-04,1892.0,
1110,IA215142,2023-04,1239.0,
1110,IA215577,2023-04,1312.0,
1110,IA215578,2023-04,1984.0,
1110,IA301086,2023-04,1625.0,
1110,IA328687,2023-04,560.0,
1110,IA329978,2023-04,1428.0,
1110,IB002922,2023-04,5689.0,
1110,IB999850,2023-04,1201.0,
1110,ID201024,2023-04,3934.0,
1110,ID206974,2023-04,549.0,
1110,ID301958,2023-04,3703.0,
1110,ID304913,2023-04,1595.0,
1110,ID309786,2023-04,2592.0,
1110,ID332218,2023-04,1724.0,
1110,ID332219,2023-04,1464.0,
1110,ID334315,2023-04,1378.0,
1110,IE314595,2023-04,541.0,
1110,IF000466,2023-04,1460.0,
1110,IM300205,2023-04,6320.0,
1110,MB344408,2023-04,1200.0,
1110,ME074696,2023-04,2153.0,
1110,MF434103,2023-04,1600.0,
1110,MF434104,2023-04,2060.0,
1110,MF434105,2023-04,2080.0,
1110,MF445086,2023-04,900.0,
1110,MF472127,2023-04,2000.0,
1110,ID364170,2023-04,1078.0,
1110,ID370657,2023-04,1197.0,
1110,ID377754,2023-04,1111.0,
1110,ID378974,2023-04,1748.0,
1110,IA202651,2023-05,1110.0,
1110,IA203086,2023-05,1110.0,
1110,IA203416,2023-05,1074.0,
1110,IA215142,2023-05,1265.0,
1110,IA215577,2023-05,1458.0,
1110,IA215578,2023-05,1254.0,
1110,IA301086,2023-05,2272.0,
1110,IA328687,2023-05,800.0,
1110,IA329978,2023-05,1260.0,
1110,IB002922,2023-05,5011.0,
1110,IB999850,2023-05,1395.0,
1110,ID201024,2023-05,2768.0,
1110,ID206974,2023-05,960.0,
1110,ID301958,2023-05,5244.0,
1110,ID304913,2023-05,1255.0,
1110,ID309786,2023-05,2328.0,
1110,ID332218,2023-05,1501.0,
1110,ID332219,2023-05,1002.0,
1110,ID334315,2023-05,1495.0,
1110,IE314595,2023-05,363.0,
1110,IF000466,2023-05,849.0,
1110,IM300205,2023-05,6229.0,
1110,MB344408,2023-05,660.0,
1110,ME074696,2023-05,2176.0,
1110,MF434103,2023-05,1080.0,
1110,MF434104,2023-05,1740.0,
1110,MF434105,2023-05,1508.0,
1110,MF445086,2023-05,1600.0,
1110,MF472127,2023-05,1880.0,
1110,ID364170,2023-05,467.0,
1110,ID370657,2023-05,1792.0,
1110,ID377754,2023-05,1945.0,
1110,ID378974,2023-05,1492.0,
1110,IA202651,2023-06,1539.0,
1110,IA203086,2023-06,1365.0,
1110,IA203416,2023-06,1413.0,
1110,IA215142,2023-06,1626.0,
1110,IA215577,2023-06,2231.0,
1110,IA215578,2023-06,1406.0,
1110,IA301086,2023-06,2270.0,
1110,IA328687,2023-06,1340.0,
1110,IA329978,2023-06,1526.0,
1110,IB002922,2023-06,5058.0,
1110,IB999850,2023-06,1648.0,
1110,ID201024,2023-06,3518.0,
1110,ID206974,2023-06,470.0,
1110,ID301958,2023-06,4406.0,
1110,ID304913,2023-06,1250.0,
1110,ID309786,2023-06,2646.0,
1110,ID332218,2023-06,1534.0,
1110,ID332219,2023-06,1178.0,
1110,ID334315,2023-06,1423.0,
1110,IE314595,2023-06,226.0,
1110,IF000466,2023-06,1174.0,
1110,IM300205,2023-06,3680.0,
1110,MB344408,2023-06,1080.0,
1110,ME074696,2023-06,2824.0,
1110,MF434103,2023-06,1240.0,
1110,MF434104,2023-06,1440.0,
1110,MF434105,2023-06,1300.0,
1110,MF445086,2023-06,1560.0,
1110,MF472127,2023-06,1300.0,
1110,ID364170,2023-06,1044.0,
1110,ID370657,2023-06,1904.0,
1110,ID377754,2023-06,2050.0,
1110,ID378974,2023-06,1586.0,
1110,IA202651,2023-07,1110.0,
1110,IA203086,2023-07,1054.0,
1110,IA203416,2023-07,1003.0,
1110,IA215142,2023-07,874.0,
1110,IA215577,2023-07,941.0,
1110,IA215578,2023-07,936.0,
1110,IA301086,2023-07,1416.0,
1110,IA328687,2023-07,1240.0,
1110,IA329978,2023-07,1372.0,
1110,IB002922,2023-07,5756.0,
1110,IB999850,2023-07,1188.0,
1110,ID201024,2023-07,3836.0,
1110,ID206974,2023-07,1134.0,
1110,ID301958,2023-07,4207.0,
1110,ID304913,2023-07,1155.0,
1110,ID309786,2023-07,2102.0,
1110,ID332218,2023-07,1956.0,
1110,ID332219,2023-07,1976.0,
1110,ID334315,2023-07,1344.0,
1110,IE314595,2023-07,468.0,
1110,IF000466,2023-07,729.0,
1110,IM300205,2023-07,2400.0,
1110,MB344408,2023-07,640.0,
1110,ME074696,2023-07,2048.0,
1110,MF434103,2023-07,1620.0,
1110,MF434104,2023-07,1100.0,
1110,MF434105,2023-07,1430.0,
1110,MF445086,2023-07,900.0,
1110,MF472127,2023-07,480.0,
1110,ID364170,2023-07,1543.0,
1110,ID370657,2023-07,2583.0,
1110,ID377754,2023-07,2563.0,
1110,ID378974,2023-07,1169.0,
1110,IA202651,2023-08,1614.0,
1110,IA203086,2023-08,1673.0,
1110,IA203416,2023-08,2602.0,
1110,IA215142,2023-08,1274.0,
1110,IA215577,2023-08,2854.0,
1110,IA215578,2023-08,1693.0,
1110,IA301086,2023-08,2200.0,
1110,IA328687,2023-08,1520.0,
1110,IA329978,2023-08,2073.0,
1110,IB002922,2023-08,7713.0,
1110,IB999850,2023-08,1431.0,
1110,ID201024,2023-08,3170.0,
1110,ID206974,2023-08,3412.0,
1110,ID301958,2023-08,10300.0,
1110,ID304913,2023-08,1735.0,
1110,ID309786,2023-08,1959.0,
1110,ID332218,2023-08,2132.0,
1110,ID332219,2023-08,1032.0,
1110,ID334315,2023-08,1972.0,
1110,IE314595,2023-08,1312.0,
1110,IF000466,2023-08,1108.0,
1110,IM300205,2023-08,5200.0,
1110,MB344408,2023-08,1420.0,
1110,ME074696,2023-08,2008.0,
1110,MF434103,2023-08,1840.0,
1110,MF434104,2023-08,1790.0,
1110,MF434105,2023-08,1650.0,
1110,MF445086,2023-08,1320.0,
1110,MF472127,2023-08,1080.0,
1110,ID364170,2023-08,1387.0,
1110,ID370657,2023-08,1854.0,
1110,ID377754,2023-08,1697.0,
1110,ID378974,2023-08,1648.0,
1110,IA202651,2023-09,2052.0,
1110,IA203086,2023-09,1490.0,
1110,IA203416,2023-09,1622.0,
1110,IA215142,2023-09,2226.0,
1110,IA215577,2023-09,2745.0,
1110,IA215578,2023-09,1719.0,
1110,IA301086,2023-09,3594.0,
1110,IA328687,2023-09,1800.0,
1110,IA329978,2023-09,630.0,
1110,IB002922,2023-09,5889.0,
1110,IB999850,2023-09,1455.0,
1110,ID201024,2023-09,14441.0,
1110,ID206974,2023-09,7785.0,
1110,ID301958,2023-09,12042.0,
1110,ID304913,2023-09,1800.0,
1110,ID309786,2023-09,1984.0,
1110,ID332218,2023-09,5989.0,
1110,ID332219,2023-09,2404.0,
1110,ID334315,2023-09,1561.0,
1110,IE314595,2023-09,810.0,
1110,IF000466,2023-09,1289.0,
1110,IM300205,2023-09,4520.0,
1110,MB344408,2023-09,740.0,
1110,ME074696,2023-09,2300.0,
1110,MF434103,2023-09,1710.0,
1110,MF434104,2023-09,1470.0,
1110,MF434105,2023-09,1920.0,
1110,MF445086,2023-09,1950.0,
1110,MF472127,2023-09,810.0,
1110,ID364170,2023-09,5842.0,
1110,ID370657,2023-09,1613.0,
1110,ID377754,2023-09,1588.0,
1110,ID378974,2023-09,1590.0,
1110,IA202651,2023-10,1555.0,
1110,IA203086,2023-10,1180.0,
1110,IA203416,2023-10,1692.0,
1110,IA215142,2023-10,1257.0,
1110,IA215577,2023-10,1954.0,
1110,IA215578,2023-10,1827.0,
1110,IA301086,2023-10,3320.0,
1110,IA328687,2023-10,1192.0,
1110,IA329978,2023-10,1680.0,
1110,IB002922,2023-10,3038.0,
1110,IB999850,2023-10,2046.0,
1110,ID201024,2023-10,1451.0,
1110,ID206974,2023-10,455.0,
1110,ID301958,2023-10,1933.0,
1110,ID304913,2023-10,1710.0,
1110,ID309786,2023-10,2432.0,
1110,ID332218,2023-10,1141.0,
1110,ID332219,2023-10,565.0,
1110,ID334315,2023-10,1742.0,
1110,IE314595,2023-10,1140.0,
1110,IF000466,2023-10,1260.0,
1110,IM300205,2023-10,3760.0,
1110,MB344408,2023-10,880.0,
1110,ME074696,2023-10,2040.0,
1110,MF434103,2023-10,1500.0,
1110,MF434104,2023-10,870.0,
1110,MF434105,2023-10,1770.0,
1110,MF445086,2023-10,900.0,
1110,MF472127,2023-10,1260.0,
1110,ID364170,2023-10,753.0,
1110,ID370657,2023-10,1676.0,
1110,ID377754,2023-10,1626.0,
1110,ID378974,2023-10,1710.0,
1110,IA202651,2023-11,1853.0,
1110,IA203086,2023-11,1110.0,
1110,IA203416,2023-11,2060.0,
1110,IA215142,2023-11,956.0,
1110,IA215577,2023-11,1496.0,
1110,IA215578,2023-11,1412.0,
1110,IA301086,2023-11,1330.0,
1110,IA328687,2023-11,1366.0,
1110,IA329978,2023-11,2250.0,
1110,IB002922,2023-11,3669.0,
1110,IB999850,2023-11,1501.0,
1110,ID201024,2023-11,1485.0,
1110,ID206974,2023-11,366.0,
1110,ID301958,2023-11,3763.0,
1110,ID304913,2023-11,1800.0,
1110,ID309786,2023-11,2696.0,
1110,ID332218,2023-11,1171.0,
1110,ID332219,2023-11,1140.0,
1110,ID334315,2023-11,1702.0,
1110,IE314595,2023-11,510.0,
1110,IF000466,2023-11,1864.0,
1110,IM300205,2023-11,3737.0,
1110,MB344408,2023-11,780.0,
1110,ME074696,2023-11,1280.0,
1110,MF434103,2023-11,1590.0,
1110,MF434104,2023-11,1560.0,
1110,MF434105,2023-11,1200.0,
1110,MF445086,2023-11,1170.0,
1110,MF472127,2023-11,900.0,
1110,ID364170,2023-11,502.0,
1110,ID370657,2023-11,2135.0,
1110,ID377754,2023-11,2220.0,
1110,ID378974,2023-11,1696.0,
1110,IA202651,2023-12,1923.0,
1110,IA203086,2023-12,1390.0,
1110,IA203416,2023-12,2126.0,
1110,IA215142,2023-12,1946.0,
1110,IA215577,2023-12,2972.0,
1110,IA215578,2023-12,3036.0,
1110,IA301086,2023-12,2606.0,
1110,IA328687,2023-12,1802.0,
1110,IA329978,2023-12,2010.0,
1110,IB002922,2023-12,7939.0,
1110,IB999850,2023-12,2748.0,
1110,ID201024,2023-12,3838.0,
1110,ID206974,2023-12,822.0,
1110,ID301958,2023-12,5087.0,
1110,ID304913,2023-12,2735.0,
1110,ID309786,2023-12,2976.0,
1110,ID332218,2023-12,1954.0,
1110,ID332219,2023-12,1243.0,
1110,ID334315,2023-12,2272.0,
1110,IE314595,2023-12,1140.0,
1110,IF000466,2023-12,2000.0,
1110,IM300205,2023-12,6160.0,
1110,MB344408,2023-12,1000.0,
1110,ME074696,2023-12,3204.0,
1110,MF434103,2023-12,1500.0,
1110,MF434104,2023-12,1500.0,
1110,MF434105,2023-12,1770.0,
1110,MF445086,2023-12,1530.0,
1110,MF472127,2023-12,2040.0,
1110,ID364170,2023-12,717.0,
1110,ID370657,2023-12,3284.0,
1110,ID377754,2023-12,3012.0,
1110,ID378974,2023-12,2200.0,
1110,IA202651,2024-01,1547.0,
1110,IA203086,2024-01,1200.0,
1110,IA203416,2024-01,2023.0,
1110,IA215142,2024-01,1009.0,
1110,IA215577,2024-01,2061.0,
1110,IA215578,2024-01,1784.0,
1110,IA301086,2024-01,1871.0,
1110,IA328687,2024-01,1880.0,
1110,IA329978,2024-01,1650.0,
1110,IB002922,2024-01,4730.0,
1110,IB999850,2024-01,1682.0,
1110,ID201024,2024-01,2420.0,
1110,ID206974,2024-01,417.0,
1110,ID301958,2024-01,5250.0,
1110,ID304913,2024-01,1730.0,
1110,ID309786,2024-01,2784.0,
1110,ID332218,2024-01,1361.0,
1110,ID332219,2024-01,1019.0,
1110,ID334315,2024-01,2434.0,
1110,IE314595,2024-01,900.0,
1110,IF000466,2024-01,1786.0,
1110,IM300205,2024-01,4820.0,
1110,MB344408,2024-01,920.0,
1110,ME074696,2024-01,2216.0,
1110,MF434103,2024-01,2543.0,
1110,MF434104,2024-01,1710.0,
1110,MF434105,2024-01,1740.0,
1110,MF445086,2024-01,1000.0,
1110,MF472127,2024-01,1397.0,
1110,ID364170,2024-01,503.0,
1110,ID370657,2024-01,2543.0,
1110,ID377754,2024-01,2652.0,
1110,ID378974,2024-01,2054.0,
1110,IA202651,2024-02,1657.0,
1110,IA203086,2024-02,1440.0,
1110,IA203416,2024-02,2505.0,
1110,IA215142,2024-02,1197.0,
1110,IA215577,2024-02,2473.0,
1110,IA215578,2024-02,2606.0,
1110,IA301086,2024-02,1942.0,
1110,IA328687,2024-02,2900.0,
1110,IA329978,2024-02,1890.0,
1110,IB002922,2024-02,5744.0,
1110,IB999850,2024-02,1561.0,
1110,ID201024,2024-02,3878.0,
1110,ID206974,2024-02,2170.0,
1110,ID301958,2024-02,6533.0,
1110,ID304913,2024-02,1140.0,
1110,ID309786,2024-02,2768.0,
1110,ID332218,2024-02,1788.0,
1110,ID332219,2024-02,1229.0,
1110,ID334315,2024-02,2520.0,
1110,IE314595,2024-02,1080.0,
1110,IF000466,2024-02,2301.0,
1110,IM300205,2024-02,6590.0,
1110,MB344408,2024-02,1100.0,
1110,ME074696,2024-02,3428.0,
1110,MF434103,2024-02,2068.0,
1110,MF434104,2024-02,2100.0,
1110,MF434105,2024-02,2130.0,
1110,MF445086,2024-02,1350.0,
1110,MF472127,2024-02,1710.0,
1110,ID364170,2024-02,1530.0,
1110,ID370657,2024-02,2175.0,
1110,ID377754,2024-02,1884.0,
1110,ID378974,2024-02,2107.0,
1110,IA202651,2024-03,1418.0,
1110,IA203086,2024-03,1450.0,
1110,IA203416,2024-03,2286.0,
1110,IA215142,2024-03,2090.0,
1110,IA215577,2024-03,2883.0,
1110,IA215578,2024-03,2361.0,
1110,IA301086,2024-03,3059.0,
1110,IA328687,2024-03,2120.0,
1110,IA329978,2024-03,1710.0,
1110,IB002922,2024-03,9889.0,
1110,IB999850,2024-03,2293.0,
1110,ID201024,2024-03,4954.0,
1110,ID206974,2024-03,758.0,
1110,ID301958,2024-03,5833.0,
1110,ID304913,2024-03,2000.0,
1110,ID309786,2024-03,3864.0,
1110,ID332218,2024-03,2408.0,
1110,ID332219,2024-03,1616.0,
1110,ID334315,2024-03,2905.0,
1110,IE314595,2024-03,1440.0,
1110,IF000466,2024-03,1773.0,
1110,IM300205,2024-03,7760.0,
1110,MB344408,2024-03,2000.0,
1110,ME074696,2024-03,2792.0,
1110,MF434103,2024-03,1670.0,
1110,MF434104,2024-03,2160.0,
1110,MF434105,2024-03,2550.0,
1110,MF445086,2024-03,1430.0,
1110,MF472127,2024-03,1410.0,
1110,ID364170,2024-03,1733.0,
1110,ID370657,2024-03,2850.0,
1110,ID377754,2024-03,3185.0,
1110,ID378974,2024-03,2209.0,
1110,IA202651,2024-04,1529.0,
1110,IA203086,2024-04,1208.0,
1110,IA203416,2024-04,2188.0,
1110,IA215142,2024-04,932.0,
1110,IA215577,2024-04,2028.0,
1110,IA215578,2024-04,2038.0,
1110,IA301086,2024-04,2700.0,
1110,IA328687,2024-04,1530.0,
1110,IA329978,2024-04,1590.0,
1110,IB002922,2024-04,4953.0,
1110,IB999850,2024-04,1503.0,
1110,ID201024,2024-04,1686.0,
1110,ID206974,2024-04,2361.0,
1110,ID301958,2024-04,5466.0,
1110,ID304913,2024-04,1115.0,
1110,ID309786,2024-04,3344.0,
1110,ID332218,2024-04,2013.0,
1110,ID332219,2024-04,1127.0,
1110,ID334315,2024-04,2713.0,
1110,IE314595,2024-04,2193.0,
1110,IF000466,2024-04,1385.0,
1110,IM300205,2024-04,6670.0,
1110,MB344408,2024-04,577.0,
1110,ME074696,2024-04,3304.0,
1110,MF434103,2024-04,1883.0,
1110,MF434104,2024-04,1200.0,
1110,MF434105,2024-04,2070.0,
1110,MF445086,2024-04,1950.0,
1110,MF472127,2024-04,2400.0,
1110,ID364170,2024-04,946.0,
1110,ID370657,2024-04,1842.0,
1110,ID377754,2024-04,2250.0,
1110,ID378974,2024-04,1841.0,
1110,IA202651,2024-05,1742.0,
1110,IA203086,2024-05,1627.0,
1110,IA203416,2024-05,2560.0,
1110,IA215142,2024-05,1314.0,
1110,IA215577,2024-05,2067.0,
1110,IA215578,2024-05,1782.0,
1110,IA301086,2024-05,2434.0,
1110,IA328687,2024-05,2030.0,
1110,IA329978,2024-05,1770.0,
1110,IB002922,2024-05,7671.0,
1110,IB999850,2024-05,1903.0,
1110,ID201024,2024-05,3173.0,
1110,ID206974,2024-05,1396.0,
1110,ID301958,2024-05,4359.0,
1110,ID304913,2024-05,1510.0,
1110,ID309786,2024-05,2429.0,
1110,ID332218,2024-05,2013.0,
1110,ID332219,2024-05,1511.0,
1110,ID334315,2024-05,2536.0,
1110,IE314595,2024-05,1320.0,
1110,IF000466,2024-05,1456.0,
1110,IM300205,2024-05,8650.0,
1110,MB344408,2024-05,820.0,
1110,ME074696,2024-05,2848.0,
1110,MF434103,2024-05,1602.0,
1110,MF434104,2024-05,2610.0,
1110,MF434105,2024-05,2100.0,
1110,MF445086,2024-05,1510.0,
1110,MF472127,2024-05,1260.0,
1110,ID364170,2024-05,775.0,
1110,ID370657,2024-05,3899.0,
1110,ID377754,2024-05,3366.0,
1110,ID378974,2024-05,2006.0,
1110,IA202651,2024-06,1772.0,
1110,IA203086,2024-06,1473.0,
1110,IA203416,2024-06,2896.0,
1110,IA215142,2024-06,2498.0,
1110,IA215577,2024-06,3128.0,
1110,IA215578,2024-06,2608.0,
1110,IA301086,2024-06,1812.0,
1110,IA328687,2024-06,990.0,
1110,IA329978,2024-06,2070.0,
1110,IB002922,2024-06,7673.0,
1110,IB999850,2024-06,1117.0,
1110,ID201024,2024-06,3822.0,
1110,ID206974,2024-06,3201.0,
1110,ID301958,2024-06,8586.0,
1110,ID304913,2024-06,1472.0,
1110,ID309786,2024-06,3056.0,
1110,ID332218,2024-06,3057.0,
1110,ID332219,2024-06,1416.0,
1110,ID334315,2024-06,2680.0,
1110,IE314595,2024-06,2190.0,
1110,IF000466,2024-06,1904.0,
1110,IM300205,2024-06,5760.0,
1110,MB344408,2024-06,720.0,
1110,ME074696,2024-06,3440.0,
1110,MF434103,2024-06,1940.0,
1110,MF434104,2024-06,2370.0,
1110,MF434105,2024-06,2040.0,
1110,MF445086,2024-06,1843.0,
1110,MF472127,2024-06,2100.0,
1110,ID364170,2024-06,1728.0,
1110,ID370657,2024-06,2361.0,
1110,ID377754,2024-06,2712.0,
1110,ID378974,2024-06,2040.0,
1110,IA202651,2024-07,1455.0,
1110,IA203086,2024-07,1830.0,
1110,IA203416,2024-07,1874.0,
1110,IA215142,2024-07,1061.0,
1110,IA215577,2024-07,2055.0,
1110,IA215578,2024-07,2197.0,
1110,IA301086,2024-07,2845.0,
1110,IA328687,2024-07,1070.0,
1110,IA329978,2024-07,1860.0,
1110,IB002922,2024-07,7787.0,
1110,IB999850,2024-07,2065.0,
1110,ID201024,2024-07,7327.0,
1110,ID206974,2024-07,529.0,
1110,ID301958,2024-07,3567.0,
1110,ID304913,2024-07,2586.0,
1110,ID309786,2024-07,2104.0,
1110,ID332218,2024-07,1831.0,
1110,ID332219,2024-07,1418.0,
1110,ID334315,2024-07,2890.0,
1110,IE314595,2024-07,1980.0,
1110,IF000466,2024-07,1913.0,
1110,IM300205,2024-07,6396.0,
1110,MB344408,2024-07,840.0,
1110,ME074696,2024-07,2832.0,
1110,MF434103,2024-07,1350.0,
1110,MF434104,2024-07,1903.0,
1110,MF434105,2024-07,2190.0,
1110,MF445086,2024-07,750.0,
1110,MF472127,2024-07,1740.0,
1110,ID364170,2024-07,3115.0,
1110,ID370657,2024-07,1994.0,
1110,ID377754,2024-07,2043.0,
1110,ID378974,2024-07,2019.0,
1110,IA202651,2024-08,790.0,
1110,IA203086,2024-08,870.0,
1110,IA203416,2024-08,1149.0,
1110,IA215142,2024-08,567.0,
1110,IA215577,2024-08,753.0,
1110,IA215578,2024-08,1512.0,
1110,IA301086,2024-08,2335.0,
1110,IA328687,2024-08,710.0,
1110,IA329978,2024-08,2233.0,
1110,IB002922,2024-08,2644.0,
1110,IB999850,2024-08,534.0,
1110,ID201024,2024-08,1745.0,
1110,ID206974,2024-08,954.0,
1110,ID301958,2024-08,2234.0,
1110,ID304913,2024-08,1380.0,
1110,ID309786,2024-08,2808.0,
1110,ID332218,2024-08,1813.0,
1110,ID332219,2024-08,876.0,
1110,ID334315,2024-08,2694.0,
1110,IE314595,2024-08,2400.0,
1110,IF000466,2024-08,1215.0,
1110,IM300205,2024-08,6133.0,
1110,MB344408,2024-08,1460.0,
1110,ME074696,2024-08,1576.0,
1110,MF434103,2024-08,1770.0,
1110,MF434104,2024-08,1170.0,
1110,MF434105,2024-08,1530.0,
1110,MF445086,2024-08,1350.0,
1110,MF472127,2024-08,1200.0,
1110,ID364170,2024-08,434.0,
1110,ID370657,2024-08,2362.0,
1110,ID377754,2024-08,2204.0,
1110,ID378974,2024-08,1763.0,
1110,IA202651,2024-09,927.0,
1110,IA203086,2024-09,820.0,
1110,IA203416,2024-09,1606.0,
1110,IA215142,2024-09,760.0,
1110,IA215577,2024-09,1009.0,
1110,IA215578,2024-09,1106.0,
1110,IA301086,2024-09,2301.0,
1110,IA328687,2024-09,1360.0,
1110,IA329978,2024-09,1080.0,
1110,IB002922,2024-09,4843.0,
1110,IB999850,2024-09,645.0,
1110,ID201024,2024-09,3860.0,
1110,ID206974,2024-09,1564.0,
1110,ID301958,2024-09,3403.0,
1110,ID304913,2024-09,1649.0,
1110,ID309786,2024-09,2684.0,
1110,ID332218,2024-09,1382.0,
1110,ID332219,2024-09,950.0,
1110,ID334315,2024-09,1670.0,
1110,IE314595,2024-09,1830.0,
1110,IF000466,2024-09,1652.0,
1110,IM300205,2024-09,4600.0,
1110,MB344408,2024-09,1380.0,
1110,ME074696,2024-09,1512.0,
1110,MF434103,2024-09,2820.0,
1110,MF434104,2024-09,2910.0,
1110,MF434105,2024-09,2430.0,
1110,MF445086,2024-09,1110.0,
1110,MF472127,2024-09,1920.0,
1110,ID364170,2024-09,1086.0,
1110,ID370657,2024-09,1502.0,
1110,ID377754,2024-09,1437.0,
1110,ID378974,2024-09,1140.0,
1110,IA202651,2024-10,520.0,
1110,IA203086,2024-10,410.0,
1110,IA203416,2024-10,1308.0,
1110,IA215142,2024-10,1279.0,
1110,IA215577,2024-10,1278.0,
1110,IA215578,2024-10,871.0,
1110,IA301086,2024-10,2717.0,
1110,IA328687,2024-10,2171.0,
1110,IA329978,2024-10,780.0,
1110,IB002922,2024-10,5387.0,
1110,IB999850,2024-10,502.0,
1110,ID201024,2024-10,2844.0,
1110,ID206974,2024-10,706.0,
1110,ID301958,2024-10,4857.0,
1110,ID304913,2024-10,2059.0,
1110,ID309786,2024-10,2920.0,
1110,ID332218,2024-10,1556.0,
1110,ID332219,2024-10,1080.0,
1110,ID334315,2024-10,1767.0,
1110,IE314595,2024-10,1350.0,
1110,IF000466,2024-10,888.0,
1110,IM300205,2024-10,8040.0,
1110,MB344408,2024-10,1300.0,
1110,ME074696,2024-10,1424.0,
1110,MF434103,2024-10,2040.0,
1110,MF434104,2024-10,1530.0,
1110,MF434105,2024-10,1991.0,
1110,MF445086,2024-10,1280.0,
1110,MF472127,2024-10,1140.0,
1110,ID364170,2024-10,1160.0,
1110,ID370657,2024-10,1835.0,
1110,ID377754,2024-10,1541.0,
1110,ID378974,2024-10,989.0,
1110,IA202651,2024-11,1001.0,
1110,IA203086,2024-11,1710.0,
1110,IA203416,2024-11,2167.0,
1110,IA215142,2024-11,1256.0,
1110,IA215577,2024-11,1636.0,
1110,IA215578,2024-11,1451.0,
1110,IA301086,2024-11,2165.0,
1110,IA328687,2024-11,1490.0,
1110,IA329978,2024-11,990.0,
1110,IB002922,2024-11,4705.0,
1110,IB999850,2024-11,534.0,
1110,ID201024,2024-11,6001.0,
1110,ID206974,2024-11,1549.0,
1110,ID301958,2024-11,6522.0,
1110,ID304913,2024-11,1965.0,
1110,ID309786,2024-11,2728.0,
1110,ID332218,2024-11,935.0,
1110,ID332219,2024-11,1019.0,
1110,ID334315,2024-11,2155.0,
1110,IE314595,2024-11,1650.0,
1110,IF000466,2024-11,1556.0,
1110,IM300205,2024-11,6080.0,
1110,MB344408,2024-11,1980.0,
1110,ME074696,2024-11,1304.0,
1110,MF434103,2024-11,2610.0,
1110,MF434104,2024-11,2040.0,
1110,MF434105,2024-11,1890.0,
1110,MF445086,2024-11,1490.0,
1110,MF472127,2024-11,1916.0,
1110,ID364170,2024-11,3746.0,
1110,ID370657,2024-11,1726.0,
1110,ID377754,2024-11,1389.0,
1110,ID378974,2024-11,1100.0,
1110,IA202651,2024-12,882.0,
1110,IA203086,2024-12,680.0,
1110,IA203416,2024-12,2945.0,
1110,IA215142,2024-12,1637.0,
1110,IA215577,2024-12,1612.0,
1110,IA215578,2024-12,1537.0,
1110,IA301086,2024-12,1950.0,
1110,IA328687,2024-12,2000.0,
1110,IA329978,2024-12,810.0,
1110,IB002922,2024-12,7850.0,
1110,IB999850,2024-12,593.0,
1110,ID201024,2024-12,7298.0,
1110,ID206974,2024-12,1058.0,
1110,ID301958,2024-12,8554.0,
1110,ID304913,2024-12,2435.0,
1110,ID309786,2024-12,2792.0,
1110,ID332218,2024-12,1191.0,
1110,ID332219,2024-12,1206.0,
1110,ID334315,2024-12,2678.0,
1110,IE314595,2024-12,1050.0,
1110,IF000466,2024-12,1742.0,
1110,IM300205,2024-12,6700.0,
1110,MB344408,2024-12,1680.0,
1110,ME074696,2024-12,1496.0,
1110,MF434103,2024-12,1620.0,
1110,MF434104,2024-12,3420.0,
1110,MF434105,2024-12,2550.0,
1110,MF445086,2024-12,1190.0,
1110,MF472127,2024-12,2070.0,
1110,ID364170,2024-12,3349.0,
1110,ID370657,2024-12,2705.0,
1110,ID377754,2024-12,2463.0,
1110,ID378974,2024-12,865.0,
1110,IA202651,2025-01,1153.0,
1110,IA203086,2025-01,1610.0,
1110,IA203416,2025-01,1902.0,
1110,IA215142,2025-01,734.0,
1110,IA215577,2025-01,1644.0,
1110,IA215578,2025-01,1773.0,
1110,IA301086,2025-01,843.0,
1110,IA328687,2025-01,1890.0,
1110,IA329978,2025-01,1770.0,
1110,IB002922,2025-01,4678.0,
1110,IB999850,2025-01,1284.0,
1110,ID201024,2025-01,2658.0,
1110,ID206974,2025-01,1561.0,
1110,ID301958,2025-01,5760.0,
1110,ID304913,2025-01,1929.0,
1110,ID309786,2025-01,2380.0,
1110,ID332218,2025-01,2053.0,
1110,ID332219,2025-01,1413.0,
1110,ID334315,2025-01,3600.0,
1110,IE314595,2025-01,2460.0,
1110,IF000466,2025-01,1814.0,
1110,IM300205,2025-01,8440.0,
1110,MB344408,2025-01,1660.0,
1110,ME074696,2025-01,1816.0,
1110,MF434103,2025-01,2226.0,
1110,MF434104,2025-01,2670.0,
1110,MF434105,2025-01,2190.0,
1110,MF445086,2025-01,2390.0,
1110,MF472127,2025-01,1830.0,
1110,ID364170,2025-01,2801.0,
1110,ID370657,2025-01,3132.0,
1110,ID377754,2025-01,3230.0,
1110,ID378974,2025-01,2295.0,
1110,IA202651,2025-02,1223.0,
1110,IA203086,2025-02,1650.0,
1110,IA203416,2025-02,1875.0,
1110,IA215142,2025-02,1272.0,
1110,IA215577,2025-02,2119.0,
1110,IA215578,2025-02,1971.0,
1110,IA301086,2025-02,0.0,
1110,IA328687,2025-02,1209.0,
1110,IA329978,2025-02,1440.0,
1110,IB002922,2025-02,4760.0,
1110,IB999850,2025-02,1397.0,
1110,ID201024,2025-02,2256.0,
1110,ID206974,2025-02,780.0,
1110,ID301958,2025-02,7461.0,
1110,ID304913,2025-02,1465.0,
1110,ID309786,2025-02,2744.0,
1110,ID332218,2025-02,2279.0,
1110,ID332219,2025-02,1623.0,
1110,ID334315,2025-02,3154.0,
1110,IE314595,2025-02,2290.0,
1110,IF000466,2025-02,1625.0,
1110,IM300205,2025-02,8584.0,
1110,MB344408,2025-02,500.0,
1110,ME074696,2025-02,1920.0,
1110,MF434103,2025-02,1972.0,
1110,MF434104,2025-02,2280.0,
1110,MF434105,2025-02,2402.0,
1110,MF445086,2025-02,2440.0,
1110,MF472127,2025-02,1837.0,
1110,ID364170,2025-02,1736.0,
1110,ID370657,2025-02,2651.0,
1110,ID377754,2025-02,2668.0,
1110,ID378974,2025-02,1986.0,
1110,IA202651,2025-03,1125.0,
1110,IA203086,2025-03,1670.0,
1110,IA203416,2025-03,2321.0,
1110,IA215142,2025-03,1154.0,
1110,IA215577,2025-03,1476.0,
1110,IA215578,2025-03,1962.0,
1110,IA301086,2025-03,0.0,
1110,IA328687,2025-03,1620.0,
1110,IA329978,2025-03,2220.0,
1110,IB002922,2025-03,7324.0,
1110,IB999850,2025-03,1571.0,
1110,ID201024,2025-03,3121.0,
1110,ID206974,2025-03,1736.0,
1110,ID301958,2025-03,4730.0,
1110,ID304913,2025-03,1857.0,
1110,ID309786,2025-03,3320.0,
1110,ID332218,2025-03,2470.0,
1110,ID332219,2025-03,1725.0,
1110,ID334315,2025-03,4431.0,
1110,IE314595,2025-03,2730.0,
1110,IF000466,2025-03,1824.0,
1110,IM300205,2025-03,11160.0,
1110,MB344408,2025-03,940.0,
1110,ME074696,2025-03,1920.0,
1110,MF434103,2025-03,2640.0,
1110,MF434104,2025-03,2976.0,
1110,MF434105,2025-03,2036.0,
1110,MF445086,2025-03,2335.0,
1110,MF472127,2025-03,1470.0,
1110,ID364170,2025-03,1942.0,
1110,ID370657,2025-03,4587.0,
1110,ID377754,2025-03,3425.0,
1110,ID378974,2025-03,2879.0,
1110,IA202651,2025-04,1056.0,
1110,IA203086,2025-04,1631.0,
1110,IA203416,2025-04,2052.0,
1110,IA215142,2025-04,1286.0,
1110,IA215577,2025-04,1962.0,
1110,IA215578,2025-04,1874.0,
1110,IA301086,2025-04,0.0,
1110,IA328687,2025-04,890.0,
1110,IA329978,2025-04,1620.0,
1110,IB002922,2025-04,3221.0,
1110,IB999850,2025-04,869.0,
1110,ID201024,2025-04,2113.0,
1110,ID206974,2025-04,773.0,
1110,ID301958,2025-04,2433.0,
1110,ID304913,2025-04,1350.0,
1110,ID309786,2025-04,3784.0,
1110,ID332218,2025-04,1990.0,
1110,ID332219,2025-04,1053.0,
1110,ID334315,2025-04,3578.0,
1110,IE314595,2025-04,2160.0,
1110,IF000466,2025-04,1369.0,
1110,IM300205,2025-04,9240.0,
1110,MB344408,2025-04,700.0,
1110,ME074696,2025-04,872.0,
1110,MF434103,2025-04,1830.0,
1110,MF434104,2025-04,1530.0,
1110,MF434105,2025-04,1946.0,
1110,MF445086,2025-04,2210.0,
1110,MF472127,2025-04,1740.0,
1110,ID364170,2025-04,383.0,
1110,ID370657,2025-04,2175.0,
1110,ID377754,2025-04,2389.0,
1110,ID378974,2025-04,2650.0,
1110,IA202651,2025-05,1152.0,
1110,IA203086,2025-05,1530.0,
1110,IA203416,2025-05,1455.0,
1110,IA215142,2025-05,1444.0,
1110,IA215577,2025-05,1771.0,
1110,IA215578,2025-05,1748.0,
1110,IA301086,2025-05,0.0,
1110,IA328687,2025-05,1399.0,
1110,IA329978,2025-05,2000.0,
1110,IB002922,2025-05,6522.0,
1110,IB999850,2025-05,1136.0,
1110,ID201024,2025-05,3991.0,
1110,ID206974,2025-05,885.0,
1110,ID301958,2025-05,9632.0,
1110,ID304913,2025-05,1935.0,
1110,ID309786,2025-05,3624.0,
1110,ID332218,2025-05,2227.0,
1110,ID332219,2025-05,1969.0,
1110,ID334315,2025-05,3958.0,
1110,IE314595,2025-05,2520.0,
1110,IF000466,2025-05,1154.0,
1110,IM300205,2025-05,7300.0,
1110,MB344408,2025-05,440.0,
1110,ME074696,2025-05,1304.0,
1110,MF434103,2025-05,1834.0,
1110,MF434104,2025-05,2300.0,
1110,MF434105,2025-05,1925.0,
1110,MF445086,2025-05,1611.0,
1110,MF472127,2025-05,1440.0,
1110,ID364170,2025-05,2739.0,
1110,ID370657,2025-05,3037.0,
1110,ID377754,2025-05,3176.0,
1110,ID378974,2025-05,2788.0,
1110,IA202651,2025-06,1184.0,
1110,IA203086,2025-06,1538.0,
1110,IA203416,2025-06,1612.0,
1110,IA215142,2025-06,1127.0,
1110,IA215577,2025-06,2135.0,
1110,IA215578,2025-06,1828.0,
1110,IA301086,2025-06,0.0,
1110,IA328687,2025-06,730.0,
1110,IA329978,2025-06,1140.0,
1110,IB002922,2025-06,5519.0,
1110,IB999850,2025-06,941.0,
1110,ID201024,2025-06,3279.0,
1110,ID206974,2025-06,2469.0,
1110,ID301958,2025-06,3193.0,
1110,ID304913,2025-06,1690.0,
1110,ID309786,2025-06,3344.0,
1110,ID332218,2025-06,2324.0,
1110,ID332219,2025-06,1656.0,
1110,ID334315,2025-06,3962.0,
1110,IE314595,2025-06,2490.0,
1110,IF000466,2025-06,1669.0,
1110,IM300205,2025-06,6838.0,
1110,MB344408,2025-06,953.0,
1110,ME074696,2025-06,2931.0,
1110,MF434103,2025-06,2640.0,
1110,MF434104,2025-06,1838.0,
1110,MF434105,2025-06,1818.0,
1110,MF445086,2025-06,1684.0,
1110,MF472127,2025-06,1770.0,
1110,ID364170,2025-06,632.0,
1110,ID370657,2025-06,3656.0,
1110,ID377754,2025-06,3301.0,
1110,ID378974,2025-06,2786.0,
1110,IA202651,2025-07,875.0,
1110,IA203086,2025-07,1577.0,
1110,IA203416,2025-07,1641.0,
1110,IA215142,2025-07,974.0,
1110,IA215577,2025-07,1437.0,
1110,IA215578,2025-07,1870.0,
1110,IA301086,2025-07,0.0,
1110,IA328687,2025-07,1000.0,
1110,IA329978,2025-07,2450.0,
1110,IB002922,2025-07,5039.0,
1110,IB999850,2025-07,967.0,
1110,ID201024,2025-07,1504.0,
1110,ID206974,2025-07,666.0,
1110,ID301958,2025-07,7101.0,
1110,ID304913,2025-07,1850.0,
1110,ID309786,2025-07,3755.0,
1110,ID332218,2025-07,2394.0,
1110,ID332219,2025-07,2109.0,
1110,ID334315,2025-07,4080.0,
1110,IE314595,2025-07,3179.0,
1110,IF000466,2025-07,1582.0,
1110,IM300205,2025-07,7000.0,
1110,MB344408,2025-07,410.0,
1110,ME074696,2025-07,1363.0,
1110,MF434103,2025-07,2294.0,
1110,MF434104,2025-07,2380.0,
1110,MF434105,2025-07,2485.0,
1110,MF445086,2025-07,1186.0,
1110,MF472127,2025-07,1920.0,
1110,ID364170,2025-07,488.0,
1110,ID370657,2025-07,3007.0,
1110,ID377754,2025-07,3736.0,
1110,ID378974,2025-07,2848.0,
1110,IA202651,2025-08,678.0,
1110,IA203086,2025-08,1540.0,
1110,IA203416,2025-08,1373.0,
1110,IA215142,2025-08,815.0,
1110,IA215577,2025-08,1572.0,
1110,IA215578,2025-08,1298.0,
1110,IA301086,2025-08,0.0,
1110,IA328687,2025-08,1170.0,
1110,IA329978,2025-08,2070.0,
1110,IB002922,2025-08,3621.0,
1110,IB999850,2025-08,974.0,
1110,ID201024,2025-08,3286.0,
1110,ID206974,2025-08,3083.0,
1110,ID301958,2025-08,7235.0,
1110,ID304913,2025-08,1985.0,
1110,ID309786,2025-08,3956.0,
1110,ID332218,2025-08,2480.0,
1110,ID332219,2025-08,1445.0,
1110,ID334315,2025-08,3969.0,
1110,IE314595,2025-08,3997.0,
1110,IF000466,2025-08,1229.0,
1110,IM300205,2025-08,6465.0,
1110,MB344408,2025-08,600.0,
1110,ME074696,2025-08,1382.0,
1110,MF434103,2025-08,2370.0,
1110,MF434104,2025-08,1410.0,
1110,MF434105,2025-08,1740.0,
1110,MF445086,2025-08,420.0,
1110,MF472127,2025-08,1950.0,
1110,ID364170,2025-08,1116.0,
1110,ID370657,2025-08,3571.0,
1110,ID377754,2025-08,3196.0,
1110,ID378974,2025-08,2949.0,
1110,IA202651,2025-09,1028.0,
1110,IA203086,2025-09,1160.0,
1110,IA203416,2025-09,1744.0,
1110,IA215142,2025-09,1187.0,
1110,IA215577,2025-09,1875.0,
1110,IA215578,2025-09,1657.0,
1110,IA301086,2025-09,0.0,
1110,IA328687,2025-09,1620.0,
1110,IA329978,2025-09,1690.0,
1110,IB002922,2025-09,4965.0,
1110,IB999850,2025-09,862.0,
1110,ID201024,2025-09,2618.0,
1110,ID206974,2025-09,2130.0,
1110,ID301958,2025-09,4898.0,
1110,ID304913,2025-09,2220.0,
1110,ID309786,2025-09,3208.0,
1110,ID332218,2025-09,2835.0,
1110,ID332219,2025-09,1560.0,
1110,ID334315,2025-09,4153.0,
1110,IE314595,2025-09,4290.0,
1110,IF000466,2025-09,1420.0,
1110,IM300205,2025-09,6380.0,
1110,MB344408,2025-09,1360.0,
1110,ME074696,2025-09,984.0,
1110,MF434103,2025-09,2400.0,
1110,MF434104,2025-09,2010.0,
1110,MF434105,2025-09,1500.0,
1110,MF445086,2025-09,1210.0,
1110,MF472127,2025-09,1320.0,
1110,ID364170,2025-09,2035.0,
1110,ID370657,2025-09,2922.0,
1110,ID377754,2025-09,2782.0,
1110,ID378974,2025-09,2532.0,
1110,IA202651,2025-10,752.0,
1110,IA203086,2025-10,1560.0,
1110,IA203416,2025-10,1126.0,
1110,IA215142,2025-10,1172.0,
1110,IA215577,2025-10,1579.0,
1110,IA215578,2025-10,1433.0,
1110,IA301086,2025-10,0.0,
1110,IA328687,2025-10,1020.0,
1110,IA329978,2025-10,1170.0,
1110,IB002922,2025-10,7148.0,
1110,IB999850,2025-10,997.0,
1110,ID201024,2025-10,4730.0,
1110,ID206974,2025-10,809.0,
1110,ID301958,2025-10,5054.0,
1110,ID304913,2025-10,1580.0,
1110,ID309786,2025-10,3855.0,
1110,ID332218,2025-10,2660.0,
1110,ID332219,2025-10,1817.0,
1110,ID334315,2025-10,4232.0,
1110,IE314595,2025-10,2970.0,
1110,IF000466,2025-10,1130.0,
1110,IM300205,2025-10,6560.0,
1110,MB344408,2025-10,1680.0,
1110,ME074696,2025-10,1312.0,
1110,MF434103,2025-10,2426.0,
1110,MF434104,2025-10,2010.0,
1110,MF434105,2025-10,2490.0,
1110,MF445086,2025-10,888.0,
1110,MF472127,2025-10,1685.0,
1110,ID364170,2025-10,3834.0,
1110,ID370657,2025-10,3579.0,
1110,ID377754,2025-10,3305.0,
1110,ID378974,2025-10,3269.0,
1110,IA202651,2025-11,976.0,
1110,IA203086,2025-11,1790.0,
1110,IA203416,2025-11,1676.0,
1110,IA215142,2025-11,1146.0,
1110,IA215577,2025-11,1930.0,
1110,IA215578,2025-11,1969.0,
1110,IA301086,2025-11,0.0,
1110,IA328687,2025-11,1220.0,
1110,IA329978,2025-11,1260.0,
1110,IB002922,2025-11,3895.0,
1110,IB999850,2025-11,1449.0,
1110,ID201024,2025-11,1871.0,
1110,ID206974,2025-11,1942.0,
1110,ID301958,2025-11,3471.0,
1110,ID304913,2025-11,2060.0,
1110,ID309786,2025-11,4343.0,
1110,ID332218,2025-11,3431.0,
1110,ID332219,2025-11,1672.0,
1110,ID334315,2025-11,4690.0,
1110,IE314595,2025-11,3570.0,
1110,IF000466,2025-11,1762.0,
1110,IM300205,2025-11,7020.0,
1110,MB344408,2025-11,480.0,
1110,ME074696,2025-11,1498.0,
1110,MF434103,2025-11,2983.0,
1110,MF434104,2025-11,2070.0,
1110,MF434105,2025-11,2760.0,
1110,MF445086,2025-11,1460.0,
1110,MF472127,2025-11,1830.0,
1110,ID364170,2025-11,1630.0,
1110,ID370657,2025-11,4647.0,
1110,ID377754,2025-11,4134.0,
1110,ID378974,2025-11,3395.0,
1110,IA202651,2025-12,1184.0,
1110,IA203086,2025-12,1835.0,
1110,IA203416,2025-12,1318.0,
1110,IA215142,2025-12,1474.0,
1110,IA215577,2025-12,1916.0,
1110,IA215578,2025-12,1638.0,
1110,IA301086,2025-12,0.0,
1110,IA328687,2025-12,1700.0,
1110,IA329978,2025-12,1830.0,
1110,IB002922,2025-12,5291.0,
1110,IB999850,2025-12,1218.0,
1110,ID201024,2025-12,2261.0,
1110,ID206974,2025-12,2027.0,
1110,ID301958,2025-12,3608.0,
1110,ID304913,2025-12,2630.0,
1110,ID309786,2025-12,4040.0,
1110,ID332218,2025-12,3253.0,
1110,ID332219,2025-12,1452.0,
1110,ID334315,2025-12,4664.0,
1110,IE314595,2025-12,4693.0,
1110,IF000466,2025-12,1612.0,
1110,IM300205,2025-12,7400.0,
1110,MB344408,2025-12,1440.0,
1110,ME074696,2025-12,1478.0,
1110,MF434103,2025-12,2536.0,
1110,MF434104,2025-12,3336.0,
1110,MF434105,2025-12,2353.0,
1110,MF445086,2025-12,1800.0,
1110,MF472127,2025-12,2780.0,
1110,ID364170,2025-12,1586.0,
1110,ID370657,2025-12,2813.0,
1110,ID377754,2025-12,3794.0,
1110,ID378974,2025-12,3214.0,
1110,IA202651,2026-01,2971.0,
1110,IA203086,2026-01,4390.0,
1110,IA203416,2026-01,4526.0,
1110,IA215142,2026-01,4453.0,
1110,IA215577,2026-01,5205.0,
1110,IA215578,2026-01,4246.0,
1110,IA301086,2026-01,0.0,
1110,IA328687,2026-01,2880.0,
1110,IA329978,2026-01,7440.0,
1110,IB002922,2026-01,12847.0,
1110,IB999850,2026-01,5938.0,
1110,ID201024,2026-01,7714.0,
1110,ID206974,2026-01,2019.0,
1110,ID301958,2026-01,9301.0,
1110,ID304913,2026-01,4120.0,
1110,ID309786,2026-01,13032.0,
1110,ID332218,2026-01,6964.0,
1110,ID332219,2026-01,5155.0,
1110,ID334315,2026-01,12444.0,
1110,IE314595,2026-01,11100.0,
1110,IF000466,2026-01,4337.0,
1110,IM300205,2026-01,23539.0,
1110,MB344408,2026-01,4880.0,
1110,ME074696,2026-01,5693.0,
1110,MF434103,2026-01,9720.0,
1110,MF434104,2026-01,8190.0,
1110,MF434105,2026-01,8550.0,
1110,MF445086,2026-01,9055.0,
1110,MF472127,2026-01,5596.0,
1110,ID364170,2026-01,3575.0,
1110,ID370657,2026-01,8755.0,
1110,ID377754,2026-01,8580.0,
1110,ID378974,2026-01,10379.0,
1110,IA202651,2026-02,959.0,
1110,IA203086,2026-02,1400.0,
1110,IA203416,2026-02,1440.0,
1110,IA215142,2026-02,1298.0,
1110,IA215577,2026-02,1120.0,
1110,IA215578,2026-02,1256.0,
1110,IA301086,2026-02,0.0,
1110,IA328687,2026-02,720.0,
1110,IA329978,2026-02,2940.0,
1110,IB002922,2026-02,4849.0,
1110,IB999850,2026-02,836.0,
1110,ID201024,2026-02,2267.0,
1110,ID206974,2026-02,1749.0,
1110,ID301958,2026-02,9294.0,
1110,ID304913,2026-02,1823.0,
1110,ID309786,2026-02,4816.0,
1110,ID332218,2026-02,2739.0,
1110,ID332219,2026-02,2277.0,
1110,ID334315,2026-02,4237.0,
1110,IE314595,2026-02,3360.0,
1110,IF000466,2026-02,1422.0,
1110,IM300205,2026-02,8920.0,
1110,MB344408,2026-02,520.0,
1110,ME074696,2026-02,1720.0,
1110,MF434103,2026-02,2520.0,
1110,MF434104,2026-02,2520.0,
1110,MF434105,2026-02,1890.0,
1110,MF445086,2026-02,1470.0,
1110,MF472127,2026-02,2070.0,
1110,ID364170,2026-02,1673.0,
1110,ID370657,2026-02,3220.0,
1110,ID377754,2026-02,3413.0,
1110,ID378974,2026-02,3099.0,
1110,IA202651,2026-03,1113.0,
1110,IA203086,2026-03,1510.0,
1110,IA203416,2026-03,1206.0,
1110,IA215142,2026-03,1340.0,
1110,IA215577,2026-03,1875.0,
1110,IA215578,2026-03,1462.0,
1110,IA301086,2026-03,0.0,
1110,IA328687,2026-03,820.0,
1110,IA329978,2026-03,1290.0,
1110,IB002922,2026-03,5256.0,
1110,IB999850,2026-03,1036.0,
1110,ID201024,2026-03,1662.0,
1110,ID206974,2026-03,796.0,
1110,ID301958,2026-03,7362.0,
1110,ID304913,2026-03,2216.0,
1110,ID309786,2026-03,4944.0,
1110,ID332218,2026-03,3105.0,
1110,ID332219,2026-03,2393.0,
1110,ID334315,2026-03,5140.0,
1110,IE314595,2026-03,3540.0,
1110,IF000466,2026-03,1201.0,
1110,IM300205,2026-03,10540.0,
1110,MB344408,2026-03,780.0,
1110,ME074696,2026-03,1360.0,
1110,MF434103,2026-03,2490.0,
1110,MF434104,2026-03,2310.0,
1110,MF434105,2026-03,2561.0,
1110,MF445086,2026-03,1110.0,
1110,MF472127,2026-03,1800.0,
1110,ID364170,2026-03,1467.0,
1110,ID370657,2026-03,4516.0,
1110,ID377754,2026-03,4213.0,
1110,ID378974,2026-03,3407.0,
1110,IA202651,2026-04,294.0,
1110,IA203086,2026-04,530.0,
1110,IA203416,2026-04,583.0,
1110,IA215142,2026-04,766.0,
1110,IA215577,2026-04,944.0,
1110,IA215578,2026-04,539.0,
1110,IA301086,2026-04,0.0,
1110,IA328687,2026-04,60.0,
1110,IA329978,2026-04,300.0,
1110,IB002922,2026-04,598.0,
1110,IB999850,2026-04,79.0,
1110,ID201024,2026-04,559.0,
1110,ID206974,2026-04,40.0,
1110,ID301958,2026-04,383.0,
1110,ID304913,2026-04,340.0,
1110,ID309786,2026-04,1376.0,
1110,ID332218,2026-04,769.0,
1110,ID332219,2026-04,614.0,
1110,ID334315,2026-04,1739.0,
1110,IE314595,2026-04,2700.0,
1110,IF000466,2026-04,598.0,
1110,IM300205,2026-04,3180.0,
1110,MB344408,2026-04,380.0,
1110,ME074696,2026-04,472.0,
1110,MF434103,2026-04,1200.0,
1110,MF434104,2026-04,1290.0,
1110,MF434105,2026-04,1140.0,
1110,MF445086,2026-04,280.0,
1110,MF472127,2026-04,930.0,
1110,ID364170,2026-04,59.0,
1110,ID370657,2026-04,983.0,
1110,ID377754,2026-04,922.0,
1110,ID378974,2026-04,1255.0,
